KOR,MATH,GRADE
24,90,B
22,94,B
84,43,B
46,20,C
36,98,B
27,64,B
57,26,B
11,48,C
84,60,A
19,52,C
69,23,B
90,39,B
96,23,B
76,48,B
11,43,C
100,98,A
35,31,C
79,62,A
10,52,C
78,25,B
64,88,A
51,58,B
96,79,A
11,52,C
52,14,C
31,94,B
93,39,B
16,86,B
65,84,A
73,68,A
18,66,B
71,50,B
76,24,B
78,60,B
84,23,B
70,50,B
91,47,B
99,28,B
85,45,B
28,49,C
83,55,B
79,43,B
22,18,C
48,53,B
87,50,B
77,65,A
73,78,A
27,67,B
93,10,B
55,29,B
100,42,A
91,64,A
96,55,A
90,14,B
90,55,A
85,50,B
78,38,B
56,59,B
55,71,B
71,11,B
94,29,B
13,79,B
80,86,A
67,81,A
99,17,B
41,67,B
96,29,B
94,95,A
60,29,B
99,18,B
91,74,A
45,72,B
65,95,A
16,72,B
62,36,B
79,59,B
95,14,B
95,43,B
86,71,A
50,56,B
35,94,B
18,40,C
88,92,A
83,98,A
15,95,B
52,48,B
82,73,A
67,69,B
14,38,C
62,45,B
50,93,A
59,92,A
21,77,B
13,37,C
82,97,A
29,94,B
15,83,B
91,19,B
40,18,C
55,18,C
22,63,B
37,97,B
37,25,C
81,35,B
80,82,A
67,45,B
78,17,B
23,84,B
53,65,B
13,100,B
43,67,B
28,71,B
100,67,A
83,45,B
20,72,B
99,78,A
73,37,B
52,65,B
85,94,A
53,69,B
86,20,B
47,67,B
93,66,A
49,21,C
92,32,B
93,38,B
56,94,A
79,30,B
53,96,A
40,88,B
12,60,C
12,21,C
99,75,A
44,20,C
88,48,B
66,53,B
82,41,B
66,19,B
20,81,B
17,57,C
78,25,B
13,76,B
37,44,B
79,42,B
73,25,B
50,72,B
65,19,B
88,66,A
14,21,C
73,62,B
93,63,A
85,76,A
84,51,B
50,93,A
55,78,B
61,93,A
51,79,B
66,20,B
95,32,B
71,41,B
64,95,A
13,24,C
45,57,B
86,62,A
90,93,A
14,49,C
53,36,B
48,82,B
76,51,B
88,81,A
60,45,B
86,66,A
30,65,B
19,16,C
66,81,A
69,87,A
80,94,A
57,38,B
76,64,A
76,45,B
49,31,B
84,97,A
72,98,A
99,28,B
77,100,A
18,67,B
92,51,A
52,26,C
69,60,B
80,95,A
28,69,B
12,25,C
43,94,B
100,36,B
71,76,A
31,78,B
25,83,B
79,51,B
29,86,B
65,18,B
21,100,B
38,42,B
29,45,C
38,24,C
47,24,C
87,92,A
75,26,B
56,14,C
68,40,B
51,87,B
72,27,B
93,59,A
85,15,B
50,33,B
56,58,B
32,25,C
48,32,B
90,20,B
61,40,B
56,91,A
77,29,B
60,37,B
13,64,C
48,78,B
20,25,C
70,30,B
75,88,A
32,57,B
64,73,B
87,61,A
71,78,A
32,69,B
56,80,B
95,80,A
20,37,C
46,89,B
55,92,A
25,85,B
19,43,C
93,11,B
38,100,B
40,59,B
80,63,A
98,69,A
23,53,C
37,42,C
43,14,C
53,25,C
23,24,C
89,44,B
64,38,B
31,52,B
69,89,A
58,77,B
89,68,A
42,40,B
81,57,B
80,91,A
98,72,A
37,95,B
34,13,C
29,88,B
56,62,B
71,57,B
52,36,B
61,64,B
90,80,A
77,76,A
23,94,B
75,86,A
37,89,B
77,32,B
19,78,B
75,16,B
20,41,C
31,60,B
90,23,B
25,90,B
74,80,A
91,79,A
81,20,B
62,47,B
81,91,A
94,48,A
89,39,B
53,70,B
23,58,B
31,64,B
44,29,C
49,89,B
62,81,A
64,54,B
27,100,B
63,83,A
10,57,C
64,88,A
74,43,B
78,86,A
61,28,B
62,37,B
60,80,A
86,20,B
44,100,A
68,61,B
74,73,A
40,93,B
92,90,A
44,44,B
89,27,B
86,94,A
76,65,A
25,67,B
95,94,A
10,39,C
91,66,A
30,24,C
45,27,C
22,47,C
96,95,A
13,66,C
53,100,A
85,40,B
76,59,B
14,95,B
94,93,A
33,14,C
30,17,C
85,64,A
80,22,B
62,48,B
68,28,B
21,61,B
20,41,C
75,98,A
85,91,A
42,32,C
55,64,B
47,86,B
44,98,A
97,20,B
17,88,B
26,80,B
60,22,B
98,92,A
88,45,B
96,90,A
97,99,A
29,35,C
38,97,B
79,22,B
57,14,C
93,97,A
55,96,A
53,85,B
46,40,B
13,60,C
26,100,B
41,33,C
32,39,C
12,54,C
87,84,A
63,11,C
95,17,B
58,63,B
59,35,B
72,64,B
75,31,B
55,21,C
48,29,C
16,96,B
72,33,B
73,74,A
20,91,B
26,21,C
92,25,B
22,68,B
74,59,B
28,82,B
61,79,A
82,88,A
24,47,C
33,30,C
37,53,B
76,18,B
52,87,B
25,19,C
76,46,B
48,69,B
41,73,B
13,22,C
97,83,A
96,83,A
40,87,B
56,80,B
80,70,A
99,47,A
57,53,B
71,98,A
28,96,B
77,38,B
99,65,A
23,96,B
98,39,B
75,49,B
14,52,C
14,58,C
93,86,A
52,53,B
100,78,A
11,90,B
100,87,A
51,70,B
48,29,C
57,19,C
14,16,C
45,89,B
85,48,B
66,19,B
91,39,B
48,21,C
72,49,B
38,60,B
41,61,B
29,24,C
12,82,B
53,91,A
40,71,B
54,30,B
81,34,B
64,14,C
28,64,B
74,44,B
28,39,C
30,41,C
23,51,C
36,33,C
85,78,A
13,100,B
78,35,B
22,29,C
15,90,B
47,40,B
59,26,B
82,63,A
71,73,A
10,74,B
11,69,B
26,59,B
24,43,C
21,42,C
11,26,C
89,94,A
88,23,B
96,77,A
63,79,A
88,42,B
47,41,B
90,72,A
92,32,B
90,83,A
36,83,B
42,22,C
41,100,A
53,56,B
17,77,B
76,97,A
70,31,B
71,12,B
100,66,A
67,89,A
67,73,A
28,61,B
25,61,B
79,50,B
97,85,A
55,79,B
76,28,B
34,20,C
81,33,B
97,24,B
68,26,B
31,10,C
14,63,C
12,48,C
37,68,B
16,10,C
28,46,C
52,26,C
42,69,B
85,68,A
96,48,A
48,97,A
79,50,B
84,27,B
79,25,B
79,39,B
22,69,B
94,69,A
60,50,B
30,51,B
82,99,A
66,54,B
61,99,A
62,88,A
33,22,C
71,97,A
39,40,C
88,77,A
42,46,B
30,89,B
15,15,C
83,30,B
48,16,C
55,65,B
20,12,C
81,74,A
91,62,A
76,30,B
72,52,B
77,86,A
21,89,B
99,67,A
90,76,A
17,50,C
90,67,A
93,59,A
29,29,C
32,87,B
29,58,B
83,95,A
10,100,B
61,13,C
43,35,C
19,72,B
29,41,C
99,30,B
79,23,B
70,69,B
90,18,B
48,66,B
12,48,C
44,69,B
64,22,B
89,50,B
13,19,C
25,19,C
56,80,B
59,46,B
96,92,A
53,85,B
48,28,C
29,60,B
39,53,B
86,27,B
50,74,B
95,57,A
56,27,B
85,52,B
67,33,B
83,68,A
98,83,A
76,15,B
22,21,C
73,37,B
61,50,B
48,91,B
26,49,C
14,99,B
53,34,B
74,55,B
82,36,B
25,65,B
100,34,B
63,20,B
67,61,B
72,40,B
92,33,B
44,43,B
66,55,B
97,90,A
94,75,A
80,85,A
80,33,B
89,33,B
12,25,C
50,77,B
21,87,B
18,52,C
57,79,B
36,81,B
49,48,B
19,33,C
18,61,C
100,64,A
94,75,A
65,80,A
96,25,B
18,19,C
99,44,A
80,30,B
11,83,B
56,37,B
69,25,B
95,58,A
23,84,B
73,95,A
22,50,C
50,76,B
48,92,A
93,46,B
38,59,B
96,86,A
38,47,B
24,100,B
19,39,C
12,80,B
59,80,B
25,97,B
53,63,B
11,57,C
20,56,C
61,92,A
39,48,B
21,19,C
74,97,A
47,25,C
85,76,A
56,42,B
67,10,C
25,31,C
18,56,C
50,46,B
75,12,B
53,39,B
64,70,B
51,95,A
12,29,C
98,90,A
75,62,B
90,66,A
66,71,B
54,65,B
83,70,A
75,42,B
99,66,A
53,89,A
37,20,C
46,33,C
39,86,B
52,29,B
12,21,C
44,41,B
56,70,B
45,85,B
21,40,C
28,25,C
68,83,A
29,27,C
59,25,B
44,27,C
98,53,A
99,53,A
96,32,B
95,23,B
95,26,B
98,96,A
38,80,B
15,71,B
93,56,A
24,71,B
86,85,A
16,60,C
72,24,B
52,41,B
83,74,A
38,88,B
66,24,B
100,59,A
20,14,C
66,67,B
41,19,C
46,60,B
36,44,B
48,85,B
66,82,A
25,53,C
50,35,B
44,14,C
91,41,B
27,88,B
56,18,C
52,14,C
49,94,A
100,20,B
77,48,B
62,71,B
83,45,B
19,58,C
78,82,A
15,76,B
76,66,A
87,26,B
48,96,A
86,46,B
42,91,B
81,40,B
63,56,B
40,85,B
91,19,B
28,36,C
56,37,B
26,85,B
49,90,B
84,76,A
82,57,B
81,21,B
53,69,B
40,69,B
10,52,C
10,55,C
83,62,A
68,33,B
95,20,B
97,35,B
43,90,B
93,63,A
89,33,B
52,52,B
76,19,B
15,30,C
33,65,B
35,40,C
19,15,C
82,54,B
89,71,A
50,55,B
52,22,C
69,60,B
45,26,C
70,51,B
22,39,C
63,12,C
21,71,B
34,69,B
44,71,B
14,74,B
62,58,B
38,27,C
43,85,B
96,55,A
34,90,B
50,21,C
50,85,B
62,77,B
46,72,B
49,29,C
91,55,A
61,20,B
38,48,B
12,66,C
66,26,B
22,76,B
62,75,B
50,65,B
55,69,B
37,95,B
91,42,B
79,51,B
17,74,B
44,99,A
12,32,C
93,20,B
94,39,B
90,14,B
43,96,B
30,89,B
10,57,C
33,20,C
90,53,A
98,83,A
23,77,B
24,29,C
47,25,C
38,35,C
79,55,B
95,78,A
97,53,A
16,95,B
26,84,B
36,63,B
100,50,A
12,42,C
57,62,B
21,62,B
93,61,A
87,76,A
13,26,C
43,55,B
57,59,B
33,100,B
57,23,B
30,20,C
19,20,C
23,98,B
61,87,A
18,60,C
55,95,A
84,32,B
78,39,B
24,32,C
62,78,A
93,51,A
53,27,B
93,61,A
57,37,B
62,40,B
37,67,B
32,76,B
31,71,B
53,40,B
76,46,B
97,51,A
88,65,A
62,39,B
84,17,B
48,97,A
44,25,C
46,15,C
87,54,A
87,47,B
84,81,A
99,81,A
45,83,B
25,50,C
93,91,A
63,98,A
31,48,C
45,100,A
48,38,B
71,37,B
62,26,B
18,81,B
25,90,B
92,16,B
30,91,B
28,12,C
41,22,C
94,21,B
35,24,C
13,89,B
33,65,B
34,68,B
38,45,B
79,16,B
61,78,B
89,19,B
67,43,B
33,42,C
33,82,B
45,24,C
54,24,C
13,10,C
20,69,B
57,44,B
65,30,B
61,97,A
79,90,A
54,35,B
31,75,B
93,21,B
41,91,B
60,78,B
95,12,B
67,48,B
82,33,B
87,80,A
46,95,A
28,71,B
54,79,B
76,18,B
40,22,C
35,42,C
59,79,B
32,76,B
18,99,B
66,61,B
96,55,A
63,39,B
96,64,A
32,26,C
34,82,B
13,91,B
53,31,B
27,99,B
30,24,C
28,56,B
89,39,B
28,86,B
59,86,A
46,58,B
25,56,B
58,66,B
89,12,B
14,43,C
68,100,A
95,75,A
51,28,C
85,38,B
23,94,B
64,85,A
13,20,C
16,81,B
64,62,B
78,20,B
28,81,B
43,69,B
38,93,B
73,12,B
75,48,B
70,49,B
64,25,B
30,43,C
14,29,C
28,14,C
25,97,B
21,69,B
69,44,B
47,71,B
44,67,B
66,74,A
13,69,B
52,78,B
76,84,A
39,51,B
24,44,C
82,17,B
78,60,B
15,74,B
83,98,A
39,14,C
38,62,B
57,42,B
21,11,C
71,28,B
47,36,B
50,22,C
48,60,B
79,47,B
15,59,C
68,40,B
74,62,B
66,89,A
59,13,C
43,25,C
49,54,B
77,54,B
70,51,B
89,19,B
90,79,A
11,30,C
62,61,B
56,32,B
33,31,C
76,80,A
62,73,B
52,48,B
28,10,C
70,66,B
97,75,A
41,97,B
17,38,C
53,83,B
65,83,A
23,63,B
13,54,C
60,21,B
21,100,B
68,24,B
96,93,A
13,32,C
84,59,A
88,40,B
25,79,B
100,90,A
65,12,C
33,100,B
55,91,A
47,97,A
71,43,B
97,52,A
61,57,B
20,98,B
83,49,B
99,77,A
62,16,C
90,32,B
97,39,B
66,50,B
67,46,B
66,64,B
79,40,B
11,10,C
86,11,B
54,38,B
26,62,B
62,98,A
51,10,C
35,10,C
52,98,A
82,11,B
33,68,B
65,33,B
22,37,C
82,11,B
66,24,B
40,66,B
66,43,B
90,48,B
22,58,B
15,59,C
16,28,C
39,99,B
36,81,B
63,14,C
88,100,A
45,58,B
21,84,B
35,79,B
21,31,C
85,43,B
80,49,B
36,47,B
29,22,C
66,18,B
51,48,B
80,21,B
65,52,B
82,97,A
53,20,C
50,11,C
56,31,B
15,73,B
71,68,B
33,63,B
63,90,A
75,91,A
78,99,A
42,34,C
54,94,A
25,77,B
97,87,A
18,59,C
19,93,B
79,87,A
48,84,B
83,79,A
53,96,A
53,10,C
89,49,B
91,36,B
40,30,C
27,50,C
54,45,B
52,34,B
29,69,B
64,12,C
75,50,B
72,96,A
97,74,A
80,23,B
84,83,A
12,86,B
38,23,C
49,51,B
61,35,B
46,42,B
34,25,C
96,39,B
71,27,B
48,55,B
100,39,B
19,81,B
88,43,B
97,60,A
12,50,C
93,74,A
71,95,A
55,19,C
27,60,B
96,97,A
81,100,A
95,60,A
98,29,B
65,19,B
100,22,B
22,98,B
86,91,A
99,96,A
53,61,B
38,93,B
87,22,B
49,96,A
30,59,B
60,85,A
48,84,B
79,18,B
35,70,B
65,74,B
36,80,B
78,86,A
26,74,B
46,78,B
45,13,C
96,24,B
74,22,B
60,89,A
93,72,A
21,79,B
39,79,B
98,80,A
89,63,A
23,43,C
93,33,B
91,87,A
21,15,C
46,73,B
49,59,B
84,33,B
25,60,B
44,50,B
64,52,B
87,59,A
42,22,C
82,16,B
52,51,B
15,45,C
68,33,B
27,50,C
47,32,C
98,43,A
52,75,B
48,45,B
58,42,B
93,99,A
62,16,C
21,11,C
53,79,B
28,81,B
15,73,B
19,67,B
57,83,A
16,98,B
17,35,C
58,19,C
61,18,C
58,38,B
73,44,B
31,96,B
99,54,A
83,27,B
28,66,B
80,70,A
29,24,C
62,76,B
90,57,A
72,99,A
59,66,B
46,24,C
13,34,C
35,57,B
97,59,A
70,86,A
55,70,B
91,57,A
63,68,B
95,79,A
47,23,C
29,46,C
71,36,B
21,100,B
55,64,B
63,94,A
12,88,B
39,96,B
96,50,A
67,99,A
26,67,B
64,34,B
77,54,B
73,85,A
43,55,B
44,37,B
22,94,B
90,37,B
62,66,B
77,14,B
13,26,C
87,79,A
61,95,A
24,53,C
85,28,B
46,72,B
31,95,B
24,46,C
37,99,B
91,57,A
27,61,B
69,19,B
35,87,B
28,50,C
66,31,B
37,87,B
20,68,B
47,14,C
10,18,C
93,91,A
76,84,A
10,44,C
24,42,C
49,54,B
38,73,B
62,68,B
53,46,B
30,54,B
63,13,C
80,41,B
36,33,C
22,34,C
24,54,C
64,61,B
27,83,B
97,32,B
43,83,B
85,57,A
93,88,A
64,87,A
67,73,A
95,58,A
50,69,B
90,31,B
93,20,B
26,83,B
62,62,B
55,70,B
45,100,A
87,76,A
100,44,A
72,100,A
43,28,C
81,82,A
98,72,A
48,21,C
81,59,A
30,43,C
12,85,B
97,98,A
70,13,B
15,12,C
40,25,C
42,12,C
15,55,C
16,15,C
93,67,A
100,35,B
98,79,A
46,41,B
97,27,B
30,29,C
82,70,A
17,52,C
44,79,B
25,40,C
81,15,B
57,95,A
76,63,B
99,46,A
89,35,B
91,41,B
65,36,B
30,56,B
54,17,C
12,48,C
90,30,B
93,56,A
44,95,B
66,23,B
10,99,B
90,21,B
91,36,B
20,69,B
62,58,B
15,80,B
71,30,B
94,94,A
12,74,B
16,70,B
36,48,B
97,73,A
38,75,B
29,26,C
22,59,B
72,80,A
27,75,B
82,75,A
84,81,A
58,97,A
41,70,B
61,57,B
54,74,B
44,17,C
69,92,A
18,60,C
84,26,B
28,25,C
95,74,A
65,76,A
32,47,C
95,58,A
63,78,A
40,79,B
90,20,B
75,89,A
31,58,B
39,53,B
37,31,C
99,57,A
36,29,C
70,89,A
77,93,A
91,58,A
12,97,B
26,61,B
53,12,C
91,99,A
59,38,B
27,67,B
34,56,B
12,40,C
34,71,B
28,18,C
51,91,A
15,63,C
59,35,B
92,77,A
55,59,B
78,33,B
35,64,B
54,74,B
88,55,A
78,21,B
51,89,A
94,16,B
67,82,A
39,36,C
43,58,B
11,34,C
17,60,C
82,92,A
81,90,A
10,14,C
54,74,B
39,88,B
97,31,B
26,53,C
50,11,C
49,96,A
16,49,C
11,92,B
79,37,B
91,28,B
41,75,B
20,89,B
39,62,B
14,16,C
36,76,B
41,96,B
98,46,A
34,79,B
12,52,C
57,57,B
90,99,A
87,95,A
61,74,B
21,67,B
28,24,C
29,28,C
49,60,B
46,84,B
75,18,B
47,96,A
44,70,B
25,28,C
66,13,C
80,82,A
96,18,B
36,82,B
82,99,A
11,22,C
30,56,B
43,41,B
62,77,B
89,69,A
84,69,A
58,44,B
54,22,C
97,70,A
60,35,B
23,24,C
21,89,B
30,21,C
88,76,A
42,80,B
96,73,A
96,61,A
39,97,B
22,74,B
65,77,A
65,62,B
62,12,C
67,52,B
41,75,B
74,35,B
64,65,B
97,24,B
67,99,A
17,69,B
75,42,B
37,62,B
86,11,B
16,89,B
33,95,B
85,76,A
46,32,C
70,24,B
33,11,C
49,27,C
76,81,A
81,97,A
80,75,A
61,64,B
66,92,A
39,90,B
64,33,B
76,95,A
15,41,C
86,71,A
37,64,B
49,97,A
59,63,B
62,31,B
96,20,B
77,94,A
73,97,A
49,45,B
55,58,B
48,51,B
69,59,B
70,40,B
96,10,B
57,60,B
48,60,B
75,67,A
47,95,A
33,27,C
27,33,C
62,61,B
13,72,B
86,100,A
95,64,A
57,35,B
89,47,B
19,57,C
12,43,C
57,15,C
21,48,C
37,20,C
90,29,B
17,85,B
16,40,C
68,77,A
85,94,A
66,44,B
90,49,B
25,13,C
47,27,C
52,25,C
99,72,A
62,95,A
72,80,A
25,94,B
55,61,B
73,38,B
12,14,C
65,27,B
52,24,C
76,31,B
84,43,B
11,31,C
47,44,B
30,67,B
38,22,C
81,56,B
60,57,B
78,25,B
23,51,C
18,97,B
43,39,B
49,76,B
75,30,B
55,13,C
65,16,B
60,38,B
71,78,A
19,80,B
65,43,B
52,77,B
73,25,B
36,51,B
87,45,B
49,92,A
40,17,C
75,40,B
71,39,B
19,66,B
13,32,C
45,12,C
21,57,C
34,39,C
10,77,B
93,39,B
82,22,B
34,30,C
17,26,C
98,12,B
76,40,B
43,14,C
27,35,C
35,23,C
73,21,B
18,88,B
14,66,B
28,25,C
12,79,B
89,21,B
71,83,A
25,99,B
39,81,B
33,48,B
84,75,A
20,20,C
80,87,A
65,31,B
22,84,B
78,23,B
90,36,B
50,34,B
56,53,B
90,70,A
60,68,B
38,69,B
81,26,B
12,99,B
61,51,B
15,82,B
45,19,C
60,95,A
82,67,A
34,18,C
80,82,A
99,27,B
43,76,B
96,10,B
83,29,B
53,11,C
85,100,A
73,42,B
30,70,B
95,50,A
60,100,A
99,30,B
19,25,C
33,37,C
91,24,B
81,79,A
25,47,C
94,50,A
86,32,B
83,27,B
52,59,B
42,41,B
96,80,A
96,20,B
23,54,C
67,84,A
50,61,B
28,67,B
62,67,B
68,82,A
26,12,C
70,56,B
59,35,B
64,65,B
70,61,B
38,77,B
76,82,A
33,28,C
59,12,C
76,73,A
14,89,B
56,63,B
18,53,C
60,37,B
53,24,C
82,95,A
18,48,C
26,73,B
76,40,B
42,11,C
22,95,B
73,49,B
82,32,B
52,66,B
60,99,A
54,38,B
97,85,A
99,13,B
48,88,B
33,63,B
69,58,B
43,56,B
62,45,B
72,76,A
100,39,B
91,71,A
83,68,A
10,61,C
53,29,B
57,30,B
13,34,C
50,59,B
46,100,A
95,52,A
60,40,B
39,91,B
77,50,B
35,25,C
45,41,B
87,16,B
84,85,A
38,15,C
76,72,A
10,58,C
30,15,C
42,49,B
87,87,A
71,95,A
67,13,B
71,82,A
41,30,C
29,20,C
48,26,C
52,42,B
58,55,B
74,73,A
100,96,A
52,25,C
68,81,A
41,95,B
81,34,B
76,25,B
28,93,B
69,93,A
77,43,B
60,19,C
11,70,B
60,19,C
79,45,B
87,14,B
36,66,B
89,56,A
76,25,B
51,98,A
25,13,C
71,30,B
96,82,A
90,96,A
42,89,B
54,67,B
78,95,A
53,45,B
86,58,A
76,44,B
32,53,B
98,67,A
93,71,A
15,99,B
77,30,B
65,37,B
77,18,B
80,59,B
35,91,B
42,20,C
85,63,A
50,39,B
59,99,A
83,23,B
13,28,C
57,17,C
16,26,C
18,72,B
75,82,A
76,60,B
28,12,C
57,63,B
63,97,A
23,61,B
20,65,B
38,30,C
52,16,C
68,55,B
38,74,B
22,64,B
38,92,B
90,71,A
21,89,B
71,75,A
67,14,B
73,97,A
72,71,A
23,93,B
24,99,B
34,98,B
58,59,B
58,46,B
39,59,B
22,56,C
42,30,C
37,14,C
34,27,C
21,42,C
76,34,B
77,80,A
50,76,B
31,85,B
50,52,B
86,49,B
77,32,B
73,27,B
35,42,C
30,29,C
19,58,C
34,70,B
78,16,B
22,83,B
60,30,B
41,34,C
12,81,B
96,17,B
31,27,C
39,17,C
42,68,B
25,21,C
87,78,A
31,66,B
28,98,B
60,66,B
73,38,B
72,47,B
51,33,B
99,80,A
11,71,B
21,83,B
20,81,B
71,51,B
79,49,B
17,45,C
40,82,B
77,97,A
80,36,B
42,18,C
91,95,A
62,21,B
35,33,C
74,49,B
22,58,B
40,74,B
25,76,B
23,82,B
54,77,B
12,26,C
56,99,A
68,13,B
50,92,A
22,68,B
28,61,B
33,91,B
79,76,A
69,78,A
19,42,C
79,34,B
52,20,C
88,91,A
75,75,A
39,64,B
26,24,C
79,44,B
25,72,B
25,59,B
88,82,A
74,44,B
27,87,B
19,65,B
56,32,B
20,38,C
67,47,B
97,88,A
98,17,B
69,95,A
31,45,C
21,52,C
17,91,B
81,50,B
99,53,A
92,43,B
54,16,C
30,67,B
88,66,A
99,80,A
36,52,B
82,52,B
80,67,A
42,31,C
94,41,B
32,95,B
27,11,C
14,63,C
80,51,B
83,10,B
87,85,A
84,84,A
47,64,B
99,99,A
62,77,B
79,41,B
51,74,B
81,13,B
69,93,A
56,94,A
39,46,B
97,59,A
59,64,B
60,42,B
18,14,C
22,41,C
38,83,B
92,40,B
99,76,A
22,33,C
81,99,A
16,83,B
68,70,B
36,82,B
51,26,C
44,11,C
22,18,C
29,56,B
51,97,A
55,64,B
27,10,C
49,30,C
81,40,B
90,74,A
59,25,B
42,80,B
48,91,B
43,36,C
29,56,B
67,29,B
18,22,C
52,10,C
34,21,C
40,18,C
18,31,C
35,16,C
75,67,A
15,59,C
50,54,B
87,62,A
88,82,A
46,45,B
19,50,C
26,83,B
46,22,C
59,14,C
20,25,C
38,69,B
20,42,C
61,98,A
60,22,B
71,66,B
46,93,B
42,66,B
32,78,B
11,94,B
47,20,C
76,90,A
58,31,B
31,35,C
10,21,C
59,47,B
45,33,C
76,38,B
31,28,C
89,92,A
65,62,B
98,50,A
77,16,B
11,89,B
41,13,C
10,42,C
28,36,C
99,40,B
46,30,C
91,62,A
89,16,B
75,22,B
79,18,B
58,100,A
73,90,A
45,58,B
24,39,C
83,64,A
94,65,A
13,75,B
80,52,B
41,70,B
81,16,B
23,42,C
23,26,C
21,30,C
27,74,B
95,55,A
49,15,C
61,71,B
21,69,B
76,66,A
75,29,B
80,54,B
35,68,B
32,39,C
43,50,B
46,88,B
21,26,C
94,74,A
24,47,C
60,55,B
11,65,C
83,57,A
78,87,A
34,85,B
92,86,A
14,84,B
53,18,C
16,34,C
20,26,C
44,92,B
90,25,B
80,35,B
20,67,B
53,90,A
20,51,C
11,98,B
87,28,B
56,40,B
25,58,B
27,62,B
38,26,C
39,64,B
81,95,A
48,94,A
20,30,C
61,42,B
72,26,B
38,77,B
81,23,B
87,41,B
38,27,C
66,91,A
34,78,B
52,60,B
24,75,B
19,84,B
41,52,B
18,12,C
44,11,C
51,21,C
77,80,A
86,10,B
18,64,B
40,78,B
65,73,B
22,71,B
90,76,A
11,82,B
16,82,B
41,37,C
28,54,B
88,91,A
61,73,B
39,30,C
86,95,A
85,70,A
75,77,A
11,69,B
35,11,C
60,16,C
68,71,B
51,56,B
67,52,B
61,73,B
59,97,A
84,52,B
10,53,C
19,56,C
83,32,B
93,52,A
60,53,B
31,33,C
22,24,C
25,20,C
44,63,B
97,74,A
78,39,B
37,14,C
91,19,B
33,50,B
97,79,A
35,25,C
16,30,C
18,20,C
93,44,B
97,74,A
82,83,A
77,27,B
74,64,B
20,69,B
87,91,A
68,16,B
90,16,B
30,41,C
79,26,B
42,40,B
33,86,B
14,81,B
78,17,B
98,22,B
63,51,B
98,85,A
32,58,B
76,92,A
11,36,C
36,77,B
25,75,B
79,35,B
99,74,A
17,70,B
78,38,B
51,24,C
26,50,C
71,17,B
29,47,C
86,99,A
84,81,A
70,83,A
88,57,A
29,34,C
88,81,A
71,52,B
56,14,C
16,10,C
89,94,A
59,88,A
49,78,B
93,51,A
37,70,B
24,45,C
29,18,C
26,59,B
65,59,B
47,60,B
63,26,B
63,52,B
19,28,C
89,92,A
25,50,C
68,26,B
53,63,B
47,75,B
75,86,A
87,54,A
79,37,B
100,48,A
63,83,A
62,56,B
66,33,B
95,10,B
64,21,B
25,81,B
23,91,B
64,23,B
11,42,C
23,67,B
36,48,B
67,22,B
24,52,C
30,47,C
65,86,A
30,95,B
19,69,B
49,17,C
49,18,C
74,34,B
24,87,B
60,10,C
67,76,A
23,27,C
59,25,B
77,73,A
90,61,A
58,55,B
94,21,B
81,21,B
82,22,B
52,88,A
48,36,B
54,83,B
19,73,B
33,89,B
33,15,C
63,91,A
34,86,B
32,31,C
55,61,B
14,85,B
52,91,A
90,97,A
97,99,A
66,96,A
48,15,C
71,90,A
59,71,B
78,27,B
14,66,B
12,54,C
79,94,A
32,100,B
39,95,B
20,73,B
100,81,A
26,12,C
41,21,C
87,30,B
69,16,B
22,38,C
44,49,B
25,49,C
40,69,B
88,91,A
48,36,B
99,58,A
52,61,B
51,75,B
51,20,C
13,42,C
57,25,B
15,22,C
90,29,B
21,87,B
22,94,B
75,92,A
65,87,A
59,86,A
43,45,B
36,51,B
45,57,B
46,62,B
73,97,A
18,32,C
45,98,A
16,25,C
47,27,C
89,38,B
66,44,B
38,61,B
46,89,B
41,79,B
63,74,B
12,64,C
84,68,A
41,69,B
48,71,B
50,28,C
74,38,B
79,72,A
92,37,B
15,43,C
23,49,C
40,34,C
92,15,B
58,77,B
12,33,C
77,83,A
92,96,A
50,72,B
80,25,B
54,94,A
91,82,A
11,11,C
73,61,B
16,100,B
18,72,B
37,24,C
13,99,B
63,13,C
39,50,B
21,17,C
56,33,B
83,71,A
61,35,B
14,27,C
74,96,A
96,97,A
15,42,C
18,11,C
32,47,C
75,64,B
37,17,C
73,47,B
27,89,B
77,96,A
50,22,C
43,75,B
47,92,B
31,73,B
94,51,A
22,76,B
92,49,A
37,65,B
38,11,C
60,47,B
88,58,A
40,92,B
96,68,A
63,63,B
80,10,B
65,92,A
22,99,B
14,89,B
69,86,A
38,70,B
75,31,B
40,36,C
30,69,B
17,21,C
35,88,B
76,62,B
84,66,A
16,26,C
97,75,A
87,79,A
12,48,C
17,17,C
19,77,B
42,36,C
93,63,A
61,91,A
26,72,B
15,58,C
60,76,B
36,20,C
81,22,B
29,18,C
74,91,A
64,95,A
70,15,B
93,72,A
93,40,B
97,90,A
14,40,C
71,20,B
12,100,B
85,52,B
95,18,B
94,36,B
11,69,B
61,64,B
83,42,B
61,78,B
63,75,B
83,45,B
31,38,C
75,53,B
75,36,B
18,42,C
59,90,A
52,80,B
22,65,B
79,88,A
32,47,C
70,83,A
42,15,C
77,89,A
24,76,B
56,19,C
16,96,B
34,22,C
17,83,B
92,89,A
46,28,C
89,10,B
82,46,B
39,24,C
89,16,B
73,62,B
57,57,B
38,49,B
74,63,B
95,45,A
36,37,C
50,74,B
36,90,B
33,15,C
32,10,C
40,45,B
86,80,A
24,45,C
75,87,A
29,23,C
73,96,A
90,90,A
84,83,A
77,26,B
14,82,B
65,36,B
98,56,A
71,49,B
21,18,C
21,100,B
77,17,B
55,74,B
15,22,C
11,78,B
52,69,B
45,22,C
37,77,B
72,21,B
13,77,B
56,74,B
89,80,A
13,19,C
89,72,A
17,38,C
79,95,A
72,84,A
99,64,A
38,91,B
100,80,A
84,82,A
81,97,A
62,14,C
48,19,C
55,98,A
14,51,C
88,73,A
87,26,B
65,20,B
100,62,A
17,20,C
25,93,B
22,44,C
85,20,B
34,55,B
34,88,B
57,21,C
29,32,C
67,15,B
80,25,B
77,35,B
42,25,C
100,100,A
47,60,B
73,28,B
53,54,B
91,55,A
91,81,A
57,67,B
81,52,B
21,95,B
63,27,B
67,87,A
45,26,C
15,62,C
37,25,C
16,62,C
71,62,B
30,23,C
15,97,B
15,17,C
53,43,B
73,28,B
26,87,B
92,89,A
14,33,C
62,46,B
83,20,B
92,29,B
54,49,B
20,59,C
54,69,B
96,39,B
99,40,B
21,80,B
99,62,A
55,41,B
85,45,B
61,53,B
45,90,B
40,26,C
57,21,C
80,56,B
67,27,B
71,39,B
76,94,A
60,61,B
48,97,A
100,95,A
54,54,B
73,71,A
96,24,B
23,27,C
96,21,B
49,72,B
82,38,B
58,70,B
28,53,B
98,69,A
49,36,B
34,50,B
10,46,C
21,15,C
35,93,B
47,85,B
32,41,C
100,77,A
67,75,A
58,33,B
88,93,A
78,80,A
40,81,B
52,29,B
52,20,C
86,53,B
68,25,B
78,14,B
45,36,B
86,97,A
83,94,A
76,99,A
88,10,B
63,12,C
37,91,B
14,52,C
68,34,B
22,61,B
19,70,B
26,59,B
31,41,C
70,34,B
74,98,A
99,10,B
75,17,B
29,92,B
57,89,A
36,71,B
50,59,B
56,18,C
94,62,A
77,94,A
91,33,B
89,47,B
69,10,C
53,14,C
54,43,B
44,57,B
14,10,C
89,12,B
11,11,C
32,85,B
65,87,A
61,34,B
28,90,B
17,71,B
95,25,B
88,83,A
84,73,A
95,74,A
82,75,A
35,23,C
51,38,B
69,70,B
71,41,B
86,76,A
71,97,A
92,17,B
41,61,B
32,37,C
99,50,A
78,20,B
93,11,B
18,94,B
21,75,B
25,89,B
53,30,B
21,22,C
48,15,C
25,18,C
52,73,B
39,27,C
75,55,B
94,100,A
13,67,B
21,20,C
42,49,B
47,81,B
59,43,B
36,15,C
65,68,B
26,38,C
72,67,B
93,54,A
73,28,B
41,31,C
50,96,A
52,98,A
50,25,C
28,80,B
62,44,B
26,34,C
51,86,B
64,43,B
60,73,B
60,35,B
34,59,B
36,35,C
58,14,C
42,47,B
52,47,B
95,52,A
63,47,B
96,73,A
25,55,B
79,29,B
46,36,B
96,29,B
10,31,C
96,92,A
94,19,B
33,73,B
56,32,B
99,93,A
20,44,C
10,69,C
58,84,A
41,73,B
71,48,B
65,89,A
19,86,B
85,19,B
55,60,B
38,69,B
53,67,B
33,12,C
37,27,C
64,22,B
50,40,B
47,79,B
13,98,B
92,13,B
68,93,A
59,18,C
40,54,B
28,17,C
54,81,B
68,50,B
99,55,A
95,59,A
47,94,A
76,71,A
53,36,B
96,96,A
63,77,A
25,11,C
54,21,C
64,89,A
31,39,C
42,42,B
26,79,B
93,77,A
45,56,B
11,67,C
66,67,B
13,44,C
11,24,C
17,36,C
18,85,B
17,39,C
81,99,A
91,88,A
81,19,B
18,46,C
80,61,A
58,46,B
20,29,C
11,70,B
10,11,C
83,53,B
95,15,B
90,60,A
86,92,A
57,19,C
60,46,B
33,84,B
45,18,C
45,24,C
38,95,B
11,22,C
57,26,B
14,97,B
99,20,B
36,50,B
64,82,A
88,99,A
14,69,B
20,12,C
66,20,B
71,19,B
93,49,A
13,52,C
74,90,A
39,27,C
89,19,B
16,87,B
79,89,A
42,27,C
46,61,B
33,51,B
20,69,B
33,38,C
70,53,B
31,72,B
23,23,C
17,67,B
82,45,B
39,37,C
96,30,B
14,69,B
24,58,B
11,61,C
85,77,A
39,20,C
68,87,A
37,13,C
63,37,B
46,73,B
85,48,B
12,94,B
24,38,C
19,15,C
98,95,A
44,56,B
83,54,B
39,35,C
82,90,A
99,61,A
85,84,A
50,98,A
81,86,A
24,75,B
69,64,B
60,11,C
67,10,C
33,87,B
70,15,B
44,45,B
39,53,B
61,68,B
82,82,A
89,47,B
27,63,B
97,26,B
10,64,C
51,55,B
18,27,C
30,59,B
32,57,B
50,79,B
48,98,A
29,36,C
60,30,B
16,62,C
47,37,B
38,100,B
50,68,B
77,40,B
56,60,B
89,98,A
52,82,B
25,60,B
18,33,C
41,68,B
49,69,B
38,98,B
49,41,B
47,46,B
78,88,A
44,20,C
95,92,A
79,92,A
25,28,C
60,72,B
46,21,C
74,58,B
98,66,A
41,56,B
92,45,B
28,17,C
13,85,B
80,56,B
17,46,C
35,24,C
48,81,B
93,74,A
83,13,B
23,84,B
66,37,B
95,92,A
28,10,C
40,35,C
20,19,C
45,77,B
14,87,B
92,53,A
75,68,A
20,23,C
94,19,B
11,44,C
65,100,A
23,41,C
91,51,A
84,41,B
51,73,B
91,62,A
62,62,B
27,27,C
18,44,C
33,13,C
42,99,A
98,93,A
92,58,A
85,68,A
97,41,B
64,42,B
24,65,B
12,67,C
83,49,B
43,82,B
76,89,A
17,38,C
66,27,B
58,28,B
17,44,C
56,74,B
58,60,B
92,82,A
73,81,A
32,10,C
58,76,B
90,90,A
94,56,A
99,88,A
12,23,C
93,85,A
53,51,B
59,18,C
92,85,A
27,39,C
36,64,B
66,16,B
88,16,B
82,80,A
73,28,B
76,46,B
47,20,C
67,59,B
19,73,B
23,11,C
13,40,C
79,16,B
89,41,B
92,96,A
57,37,B
10,41,C
77,75,A
64,16,B
54,54,B
45,18,C
19,46,C
22,43,C
95,78,A
84,55,B
35,36,C
60,50,B
92,86,A
69,85,A
15,28,C
54,24,C
18,53,C
57,14,C
48,93,A
82,77,A
72,17,B
23,23,C
16,62,C
23,19,C
61,47,B
10,95,B
76,24,B
47,68,B
86,68,A
63,42,B
14,25,C
71,76,A
99,18,B
62,26,B
52,22,C
44,66,B
72,33,B
30,89,B
19,45,C
38,58,B
99,97,A
81,63,A
78,16,B
72,24,B
83,23,B
34,70,B
26,99,B
93,52,A
90,81,A
96,93,A
35,56,B
88,31,B
39,77,B
83,94,A
71,61,B
67,62,B
46,91,B
89,46,B
40,15,C
13,18,C
28,53,B
50,27,C
68,89,A
49,73,B
24,31,C
20,15,C
54,49,B
71,79,A
30,69,B
72,91,A
66,33,B
26,56,B
25,16,C
10,97,B
13,87,B
67,88,A
87,89,A
74,36,B
19,77,B
82,46,B
34,91,B
10,72,B
77,63,A
54,21,C
83,55,B
28,21,C
65,96,A
55,82,B
93,38,B
49,61,B
84,16,B
59,29,B
97,73,A
96,62,A
34,44,C
21,17,C
99,60,A
99,48,A
15,76,B
32,20,C
36,51,B
84,44,B
96,82,A
10,94,B
31,99,B
82,69,A
64,50,B
38,54,B
24,25,C
66,81,A
89,49,B
23,62,B
88,90,A
22,80,B
30,80,B
52,66,B
95,88,A
79,98,A
47,87,B
20,40,C
66,14,B
49,62,B
78,90,A
70,12,B
24,26,C
21,67,B
34,43,C
98,21,B
10,68,C
53,82,B
21,70,B
35,21,C
68,78,A
71,26,B
47,100,A
30,55,B
91,63,A
90,29,B
69,85,A
37,18,C
35,78,B
27,20,C
100,36,B
83,85,A
53,48,B
72,93,A
78,76,A
37,22,C
35,61,B
21,33,C
44,24,C
58,89,A
74,99,A
32,13,C
19,84,B
88,59,A
74,88,A
41,16,C
90,26,B
74,79,A
70,44,B
22,76,B
45,51,B
52,63,B
78,94,A
86,43,B
25,16,C
19,95,B
36,38,C
14,72,B
64,36,B
80,70,A
13,77,B
23,29,C
46,31,C
52,68,B
68,89,A
39,64,B
33,11,C
44,77,B
35,12,C
55,53,B
20,54,C
86,99,A
43,75,B
67,44,B
43,81,B
67,61,B
54,27,B
72,95,A
94,98,A
44,11,C
78,34,B
36,25,C
100,24,B
18,24,C
28,15,C
60,38,B
30,93,B
43,21,C
30,17,C
57,85,A
74,18,B
69,82,A
15,72,B
21,27,C
19,29,C
50,48,B
21,69,B
17,70,B
51,89,A
24,27,C
42,24,C
10,49,C
18,51,C
51,82,B
60,50,B
94,81,A
30,76,B
27,29,C
91,28,B
67,79,A
68,46,B
32,53,B
70,74,A
100,71,A
39,68,B
23,70,B
99,62,A
72,43,B
60,70,B
36,31,C
56,10,C
91,57,A
47,96,A
96,23,B
54,55,B
38,70,B
35,61,B
29,73,B
43,32,C
57,94,A
68,86,A
66,10,C
42,69,B
22,79,B
62,92,A
24,66,B
63,34,B
64,10,C
19,68,B
74,61,B
63,57,B
96,90,A
72,94,A
43,37,B
47,37,B
25,23,C
56,16,C
96,26,B
97,20,B
80,70,A
89,91,A
51,46,B
48,81,B
27,36,C
12,24,C
21,100,B
20,58,C
50,87,B
64,75,B
79,99,A
27,48,C
66,23,B
54,15,C
59,99,A
61,44,B
61,58,B
52,82,B
55,31,B
28,87,B
62,54,B
61,76,B
66,62,B
67,64,B
12,100,B
84,18,B
98,63,A
17,23,C
32,87,B
77,32,B
88,41,B
84,72,A
57,20,C
91,30,B
51,100,A
60,10,C
69,45,B
54,15,C
84,51,B
68,19,B
60,83,A
57,77,B
48,57,B
86,29,B
97,44,A
77,63,A
94,63,A
81,53,B
19,40,C
86,62,A
62,73,B
80,46,B
54,85,B
17,76,B
21,19,C
100,48,A
43,40,B
10,27,C
63,26,B
15,79,B
50,48,B
47,78,B
90,56,A
66,24,B
100,97,A
25,87,B
38,75,B
99,21,B
66,77,A
76,71,A
17,89,B
11,50,C
64,30,B
24,63,B
71,34,B
61,90,A
39,47,B
31,99,B
73,13,B
29,15,C
79,67,A
61,51,B
73,69,A
87,15,B
84,78,A
94,63,A
63,45,B
51,63,B
68,47,B
83,64,A
91,76,A
95,15,B
41,54,B
43,78,B
98,62,A
53,73,B
51,58,B
60,21,B
53,69,B
32,54,B
19,25,C
96,78,A
56,46,B
84,48,B
10,43,C
65,98,A
79,11,B
63,83,A
84,79,A
100,48,A
93,57,A
97,87,A
31,41,C
49,95,A
17,10,C
29,97,B
48,43,B
18,94,B
74,45,B
55,74,B
63,40,B
97,28,B
61,44,B
49,13,C
61,69,B
10,28,C
56,40,B
97,16,B
39,18,C
59,51,B
79,28,B
74,72,A
17,66,B
90,48,B
84,33,B
37,63,B
37,55,B
14,63,C
41,37,C
26,48,C
50,62,B
53,98,A
55,92,A
20,60,B
94,78,A
80,13,B
89,81,A
86,25,B
73,66,B
40,79,B
80,58,B
40,52,B
36,74,B
37,70,B
79,64,A
69,73,A
93,95,A
67,16,B
99,18,B
16,97,B
95,34,B
95,85,A
53,30,B
32,82,B
59,50,B
95,89,A
31,59,B
25,67,B
50,77,B
45,63,B
96,51,A
36,90,B
63,95,A
40,67,B
36,22,C
100,50,A
30,76,B
39,68,B
57,49,B
29,94,B
12,42,C
94,67,A
86,28,B
53,25,C
86,10,B
76,12,B
99,55,A
56,40,B
89,37,B
82,51,B
76,55,B
67,20,B
46,91,B
26,87,B
81,89,A
36,50,B
93,27,B
27,92,B
70,17,B
74,41,B
90,83,A
15,46,C
84,63,A
23,68,B
33,58,B
98,64,A
61,50,B
81,78,A
74,51,B
57,51,B
76,12,B
42,57,B
50,94,A
88,34,B
33,77,B
83,59,A
16,78,B
73,17,B
36,53,B
27,14,C
64,31,B
12,78,B
68,68,B
97,76,A
52,83,B
35,59,B
41,16,C
88,88,A
90,22,B
35,43,C
53,36,B
30,56,B
31,87,B
47,52,B
30,82,B
46,69,B
92,88,A
14,85,B
16,59,C
20,20,C
41,51,B
53,30,B
28,78,B
25,18,C
44,99,A
90,33,B
74,94,A
29,45,C
44,91,B
91,50,A
41,82,B
89,94,A
96,46,A
23,36,C
61,99,A
23,24,C
42,32,C
32,80,B
77,47,B
73,21,B
91,94,A
22,60,B
32,71,B
29,26,C
20,74,B
24,95,B
45,10,C
87,16,B
69,84,A
53,82,B
31,47,C
56,35,B
67,33,B
19,58,C
82,49,B
92,51,A
38,96,B
63,42,B
25,98,B
34,100,B
27,34,C
52,44,B
41,70,B
67,70,B
26,43,C
90,23,B
26,44,C
23,58,B
11,86,B
87,64,A
79,55,B
88,58,A
60,25,B
55,56,B
74,10,B
61,65,B
35,64,B
13,44,C
48,18,C
45,39,B
49,79,B
96,65,A
43,48,B
25,55,B
41,41,B
70,62,B
42,12,C
82,49,B
67,58,B
40,20,C
32,44,C
92,72,A
16,67,B
12,26,C
88,55,A
49,10,C
48,90,B
25,71,B
92,23,B
11,35,C
34,97,B
80,46,B
88,64,A
49,16,C
64,79,A
96,57,A
86,76,A
82,35,B
77,94,A
63,30,B
13,15,C
29,45,C
61,13,C
21,47,C
42,82,B
60,60,B
11,42,C
44,90,B
18,16,C
42,53,B
89,86,A
93,13,B
96,88,A
22,28,C
44,37,B
85,62,A
12,74,B
71,30,B
14,99,B
13,53,C
58,31,B
99,87,A
36,84,B
83,20,B
78,97,A
52,72,B
51,72,B
93,56,A
15,28,C
96,69,A
60,39,B
24,13,C
60,80,A
35,57,B
38,83,B
52,38,B
67,74,A
60,88,A
22,92,B
61,61,B
81,36,B
29,21,C
31,40,C
65,47,B
87,12,B
91,53,A
43,12,C
99,17,B
19,51,C
65,86,A
73,58,B
30,33,C
63,89,A
99,19,B
30,72,B
25,16,C
90,75,A
34,90,B
95,99,A
91,83,A
80,62,A
58,77,B
33,50,B
21,98,B
69,44,B
63,42,B
22,24,C
69,99,A
22,53,C
72,33,B
16,57,C
86,33,B
31,45,C
10,46,C
13,69,B
42,30,C
33,22,C
71,11,B
34,99,B
18,66,B
95,70,A
96,21,B
97,37,B
89,22,B
72,73,A
23,68,B
78,80,A
46,56,B
35,42,C
19,50,C
68,94,A
45,92,B
65,84,A
96,55,A
48,60,B
20,15,C
84,100,A
32,32,C
61,46,B
19,95,B
47,63,B
76,84,A
31,81,B
74,75,A
48,47,B
26,99,B
82,26,B
54,36,B
81,19,B
13,44,C
27,92,B
59,26,B
85,91,A
71,93,A
57,51,B
67,24,B
99,33,B
80,60,A
47,93,A
31,10,C
97,60,A
43,43,B
12,23,C
42,11,C
33,70,B
49,82,B
47,35,B
21,46,C
88,16,B
92,30,B
50,24,C
54,61,B
69,45,B
96,49,A
58,100,A
15,47,C
52,99,A
15,48,C
29,36,C
70,78,A
45,92,B
92,16,B
36,58,B
16,40,C
24,26,C
77,45,B
89,40,B
68,43,B
92,28,B
23,47,C
82,45,B
93,63,A
37,21,C
32,39,C
45,56,B
75,15,B
20,41,C
96,13,B
66,95,A
98,72,A
83,47,B
33,69,B
84,90,A
80,34,B
100,77,A
46,44,B
89,59,A
65,63,B
82,23,B
98,85,A
64,79,A
87,11,B
77,97,A
97,14,B
33,70,B
11,53,C
72,74,A
98,50,A
91,16,B
32,52,B
96,15,B
34,17,C
28,61,B
44,62,B
99,21,B
23,62,B
65,42,B
29,31,C
16,94,B
15,79,B
92,57,A
53,77,B
38,29,C
69,54,B
40,57,B
62,90,A
20,97,B
38,88,B
92,99,A
66,63,B
89,57,A
98,99,A
44,28,C
78,41,B
32,14,C
30,49,C
20,81,B
88,72,A
66,81,A
97,14,B
15,84,B
30,57,B
57,49,B
74,96,A
49,31,B
92,97,A
46,62,B
45,74,B
94,23,B
91,94,A
46,24,C
83,86,A
87,77,A
42,95,B
92,91,A
14,17,C
29,26,C
16,90,B
66,71,B
20,48,C
85,40,B
24,48,C
42,20,C
54,43,B
27,14,C
20,69,B
70,50,B
85,63,A
99,33,B
41,32,C
27,15,C
68,69,B
17,49,C
26,73,B
59,50,B
99,99,A
81,22,B
62,64,B
79,73,A
96,47,A
74,95,A
30,22,C
47,23,C
50,57,B
43,29,C
43,93,B
94,35,B
96,58,A
57,43,B
97,25,B
11,73,B
41,90,B
49,40,B
44,98,A
94,62,A
56,35,B
22,19,C
22,30,C
50,79,B
31,87,B
71,61,B
90,24,B
35,39,C
30,13,C
32,35,C
86,27,B
19,98,B
30,42,C
69,91,A
23,51,C
95,97,A
44,21,C
56,63,B
35,47,B
23,82,B
65,24,B
12,74,B
60,47,B
11,28,C
25,36,C
52,92,A
22,38,C
96,55,A
83,92,A
73,86,A
74,91,A
28,83,B
82,89,A
49,29,C
22,36,C
32,74,B
25,38,C
31,38,C
61,94,A
95,80,A
74,60,B
92,51,A
96,72,A
99,66,A
92,95,A
49,18,C
17,26,C
62,94,A
26,12,C
63,38,B
71,15,B
40,92,B
56,51,B
63,54,B
83,63,A
89,23,B
37,20,C
42,13,C
98,96,A
19,86,B
55,85,A
82,81,A
81,53,B
39,96,B
83,99,A
19,35,C
58,71,B
80,54,B
78,34,B
38,76,B
21,80,B
29,12,C
29,94,B
20,78,B
35,48,B
90,96,A
40,15,C
43,32,C
72,63,B
27,59,B
15,59,C
16,19,C
39,21,C
21,33,C
38,83,B
45,61,B
13,15,C
77,81,A
70,93,A
14,82,B
30,48,C
70,15,B
63,85,A
19,49,C
42,36,C
68,80,A
10,51,C
85,48,B
46,23,C
55,70,B
41,35,C
36,53,B
72,99,A
84,58,A
32,89,B
98,11,B
44,47,B
92,60,A
84,26,B
12,75,B
38,91,B
89,15,B
24,43,C
71,54,B
50,59,B
85,50,B
79,67,A
83,14,B
51,49,B
51,95,A
40,49,B
31,51,B
32,88,B
97,14,B
43,60,B
94,33,B
76,27,B
97,94,A
12,31,C
10,39,C
70,89,A
33,24,C
70,33,B
23,10,C
98,78,A
29,22,C
91,91,A
75,55,B
86,78,A
80,72,A
75,56,B
15,44,C
42,76,B
96,99,A
15,28,C
14,14,C
19,29,C
41,96,B
20,38,C
89,83,A
65,92,A
32,20,C
23,69,B
84,91,A
100,55,A
16,43,C
34,64,B
48,78,B
74,14,B
52,80,B
95,87,A
79,99,A
54,39,B
18,38,C
63,23,B
83,87,A
63,82,A
32,59,B
10,14,C
67,84,A
17,81,B
93,42,B
93,16,B
12,71,B
86,91,A
90,71,A
63,18,B
10,19,C
22,76,B
95,48,A
17,83,B
76,29,B
69,67,B
36,48,B
39,25,C
38,95,B
45,18,C
43,57,B
68,82,A
39,42,B
47,64,B
61,35,B
72,55,B
51,48,B
45,84,B
94,16,B
53,73,B
34,16,C
35,35,C
34,68,B
24,98,B
45,81,B
89,13,B
58,62,B
43,58,B
33,94,B
31,78,B
37,79,B
79,94,A
51,84,B
25,11,C
79,53,B
85,65,A
19,12,C
55,28,B
50,63,B
34,98,B
17,48,C
39,19,C
17,20,C
21,68,B
60,50,B
32,91,B
78,89,A
59,47,B
14,88,B
17,46,C
82,51,B
72,50,B
53,67,B
12,42,C
30,63,B
37,80,B
24,84,B
36,77,B
12,46,C
29,59,B
93,48,A
98,90,A
94,94,A
75,84,A
43,22,C
39,25,C
24,80,B
80,90,A
98,13,B
30,68,B
44,74,B
19,45,C
28,26,C
10,29,C
63,28,B
33,50,B
68,42,B
28,75,B
68,88,A
44,18,C
97,33,B
98,84,A
30,48,C
81,60,A
72,90,A
72,71,A
12,52,C
29,79,B
100,98,A
18,50,C
28,27,C
97,40,B
77,83,A
63,92,A
94,11,B
60,46,B
72,95,A
52,76,B
31,75,B
15,45,C
77,55,B
95,53,A
73,49,B
42,66,B
76,24,B
73,68,A
18,41,C
49,97,A
78,44,B
70,21,B
38,40,C
91,85,A
80,46,B
29,81,B
87,18,B
45,47,B
60,59,B
11,29,C
17,54,C
66,36,B
22,63,B
71,61,B
29,17,C
18,35,C
63,74,B
13,73,B
91,73,A
49,94,A
12,10,C
60,59,B
67,64,B
16,36,C
35,11,C
28,53,B
56,46,B
24,51,C
77,94,A
20,36,C
21,67,B
76,84,A
63,87,A
22,17,C
95,30,B
41,81,B
44,92,B
58,71,B
63,24,B
23,98,B
39,88,B
48,48,B
31,41,C
54,100,A
88,59,A
11,32,C
10,95,B
71,27,B
78,17,B
61,86,A
51,11,C
37,81,B
54,45,B
46,21,C
95,55,A
23,55,C
82,88,A
49,69,B
73,35,B
67,70,B
69,95,A
82,61,A
54,59,B
39,56,B
20,61,B
29,66,B
14,26,C
11,98,B
56,23,C
95,28,B
49,25,C
54,15,C
60,72,B
66,83,A
90,46,B
81,61,A
76,93,A
40,86,B
99,81,A
44,14,C
18,57,C
61,62,B
24,71,B
36,56,B
26,37,C
42,64,B
16,49,C
21,62,B
20,41,C
100,99,A
87,29,B
76,33,B
69,96,A
94,76,A
64,97,A
35,20,C
73,26,B
93,27,B
82,98,A
12,51,C
39,48,B
86,67,A
39,49,B
28,78,B
36,50,B
22,80,B
55,80,B
20,71,B
24,70,B
63,35,B
32,20,C
99,49,A
43,51,B
89,42,B
26,95,B
37,21,C
13,53,C
93,81,A
79,54,B
85,41,B
10,29,C
82,14,B
29,93,B
43,74,B
57,81,B
16,94,B
59,85,A
57,22,C
71,41,B
44,94,B
60,79,B
62,28,B
41,48,B
58,67,B
23,55,C
30,20,C
74,95,A
55,38,B
97,75,A
33,46,C
63,33,B
63,38,B
47,85,B
58,35,B
94,55,A
58,34,B
67,24,B
16,81,B
94,68,A
16,100,B
72,48,B
54,47,B
59,100,A
13,28,C
60,29,B
19,62,B
90,40,B
57,46,B
97,44,A
72,35,B
29,84,B
55,86,A
17,69,B
29,73,B
56,61,B
73,67,A
31,31,C
66,37,B
90,16,B
57,14,C
16,61,C
98,56,A
83,56,B
32,12,C
17,11,C
45,67,B
41,89,B
84,49,B
89,98,A
20,32,C
67,57,B
41,26,C
53,99,A
65,74,B
53,81,B
74,70,A
58,71,B
74,67,A
88,34,B
18,74,B
99,25,B
56,51,B
80,65,A
87,85,A
33,67,B
50,70,B
55,21,C
75,40,B
19,21,C
11,35,C
28,14,C
17,50,C
18,48,C
75,12,B
43,10,C
54,58,B
61,95,A
77,22,B
48,88,B
77,35,B
77,46,B
89,72,A
56,47,B
71,29,B
51,75,B
39,32,C
47,35,B
68,16,B
93,91,A
13,70,B
52,76,B
51,88,B
89,92,A
87,67,A
32,24,C
56,46,B
92,39,B
43,38,B
21,14,C
52,62,B
67,62,B
14,12,C
40,26,C
14,11,C
90,79,A
95,86,A
53,87,A
15,87,B
29,33,C
76,30,B
85,54,B
100,90,A
54,13,C
28,40,C
92,22,B
28,63,B
17,32,C
90,33,B
55,37,B
93,37,B
21,13,C
55,80,B
83,78,A
58,84,A
58,75,B
35,25,C
53,75,B
78,38,B
61,85,A
25,28,C
92,20,B
78,21,B
54,62,B
70,58,B
67,31,B
14,91,B
74,49,B
83,27,B
25,78,B
20,70,B
21,56,C
53,80,B
87,37,B
20,86,B
16,13,C
95,49,A
24,71,B
55,47,B
75,57,B
18,13,C
95,50,A
41,31,C
36,37,C
100,10,B
10,79,B
90,10,B
86,15,B
94,29,B
48,71,B
52,90,A
47,77,B
63,11,C
52,47,B
23,23,C
38,94,B
31,70,B
23,77,B
92,96,A
21,51,C
56,79,B
13,31,C
81,17,B
91,69,A
72,49,B
57,50,B
91,100,A
87,40,B
31,21,C
10,79,B
24,81,B
90,29,B
37,85,B
17,95,B
97,10,B
17,76,B
36,11,C
82,66,A
18,63,B
35,12,C
55,20,C
12,60,C
45,56,B
20,34,C
60,81,A
79,73,A
10,76,B
47,65,B
18,73,B
74,50,B
81,89,A
33,27,C
74,16,B
41,16,C
33,97,B
83,40,B
37,24,C
35,64,B
75,91,A
91,27,B
78,31,B
74,53,B
92,99,A
69,97,A
51,17,C
91,49,A
40,15,C
79,59,B
14,38,C
16,14,C
49,60,B
31,82,B
12,94,B
42,69,B
100,76,A
69,59,B
42,46,B
97,66,A
42,13,C
38,98,B
51,41,B
62,26,B
22,74,B
45,72,B
36,27,C
54,36,B
47,51,B
76,75,A
69,25,B
56,30,B
36,100,B
10,40,C
48,41,B
97,59,A
84,15,B
72,71,A
13,16,C
93,45,B
45,44,B
18,22,C
72,42,B
37,60,B
46,34,B
39,41,B
48,16,C
39,30,C
30,47,C
64,88,A
14,63,C
33,40,C
80,26,B
77,50,B
61,22,B
56,40,B
62,32,B
33,49,B
58,54,B
28,49,C
85,59,A
33,40,C
34,60,B
29,82,B
22,25,C
77,86,A
80,14,B
85,99,A
89,89,A
20,44,C
14,83,B
25,17,C
50,59,B
64,55,B
76,47,B
88,93,A
14,97,B
59,95,A
60,83,A
89,42,B
60,56,B
82,82,A
26,24,C
45,18,C
55,68,B
92,68,A
21,96,B
32,50,B
54,35,B
93,76,A
19,79,B
58,84,A
84,30,B
81,74,A
10,36,C
11,37,C
91,75,A
17,72,B
54,32,B
17,26,C
24,28,C
42,64,B
28,46,C
93,70,A
54,61,B
74,80,A
67,87,A
82,83,A
53,37,B
68,61,B
70,98,A
75,53,B
79,77,A
56,65,B
18,16,C
82,52,B
93,52,A
68,67,B
36,100,B
100,27,B
22,65,B
66,32,B
75,65,A
99,39,B
61,50,B
74,38,B
27,84,B
30,21,C
48,23,C
78,19,B
92,88,A
33,75,B
75,83,A
76,59,B
72,28,B
45,55,B
58,31,B
27,32,C
94,82,A
47,62,B
47,96,A
16,70,B
30,17,C
33,11,C
55,20,C
30,75,B
21,91,B
95,75,A
10,52,C
68,82,A
37,44,B
59,43,B
23,72,B
41,54,B
97,48,A
33,87,B
93,51,A
87,67,A
66,58,B
98,47,A
70,20,B
78,20,B
85,18,B
31,85,B
12,83,B
23,56,C
44,76,B
22,54,C
29,26,C
68,100,A
38,42,B
34,25,C
85,99,A
22,11,C
49,99,A
61,46,B
58,33,B
78,72,A
55,46,B
19,12,C
74,34,B
69,85,A
19,50,C
16,91,B
23,17,C
34,90,B
52,27,C
35,44,C
70,58,B
72,90,A
32,59,B
40,31,C
28,43,C
15,17,C
45,43,B
44,27,C
90,95,A
89,96,A
42,96,B
11,16,C
87,29,B
55,98,A
63,89,A
77,28,B
16,56,C
39,74,B
11,65,C
52,19,C
66,91,A
82,54,B
54,62,B
68,97,A
44,94,B
49,77,B
52,34,B
82,29,B
16,49,C
94,60,A
74,38,B
20,70,B
93,31,B
14,22,C
92,58,A
74,33,B
14,96,B
26,40,C
65,72,B
95,75,A
28,15,C
56,30,B
12,18,C
85,48,B
26,69,B
90,60,A
25,28,C
33,91,B
45,80,B
59,46,B
71,93,A
75,35,B
47,24,C
78,67,A
85,63,A
85,11,B
67,62,B
22,19,C
85,55,A
58,19,C
34,33,C
64,85,A
85,67,A
97,83,A
47,79,B
50,13,C
70,63,B
30,100,B
32,18,C
40,49,B
30,54,B
65,13,C
86,53,B
72,29,B
76,84,A
80,20,B
27,47,C
46,71,B
23,100,B
20,33,C
30,59,B
88,77,A
34,74,B
85,16,B
72,94,A
84,89,A
30,89,B
37,98,B
36,13,C
47,16,C
47,30,C
79,92,A
19,68,B
20,90,B
19,10,C
97,27,B
32,76,B
38,52,B
40,44,B
90,24,B
63,88,A
63,40,B
49,59,B
95,60,A
16,23,C
72,99,A
45,48,B
77,52,B
36,53,B
60,70,B
85,58,A
48,18,C
57,32,B
93,100,A
60,19,C
33,12,C
68,10,C
86,15,B
25,49,C
59,79,B
85,83,A
24,10,C
61,76,B
35,25,C
70,76,A
24,62,B
37,24,C
29,66,B
14,36,C
100,29,B
18,59,C
63,77,A
14,93,B
91,84,A
56,67,B
28,54,B
19,42,C
42,97,B
36,93,B
20,26,C
88,84,A
86,36,B
75,35,B
87,16,B
56,72,B
43,28,C
89,59,A
83,20,B
35,39,C
88,81,A
18,67,B
22,78,B
44,69,B
26,69,B
80,72,A
74,99,A
52,61,B
59,76,B
52,66,B
13,48,C
62,50,B
84,58,A
19,11,C
100,72,A
59,34,B
63,36,B
23,83,B
32,14,C
60,12,C
36,41,C
18,89,B
20,93,B
86,33,B
13,13,C
20,82,B
51,81,B
63,63,B
100,54,A
60,77,B
52,36,B
12,69,B
35,27,C
100,45,A
64,46,B
49,67,B
35,68,B
19,23,C
18,32,C
87,12,B
98,70,A
78,100,A
14,58,C
36,13,C
35,11,C
61,94,A
67,23,B
39,81,B
69,76,A
47,76,B
66,13,C
13,39,C
80,93,A
10,54,C
93,43,B
81,74,A
22,76,B
84,44,B
77,46,B
29,36,C
67,50,B
49,22,C
37,68,B
100,85,A
17,48,C
50,28,C
68,14,B
85,89,A
77,60,B
42,50,B
52,48,B
75,67,A
83,10,B
25,60,B
79,91,A
91,17,B
21,27,C
38,50,B
35,87,B
91,72,A
83,53,B
58,36,B
56,24,B
76,23,B
20,71,B
99,28,B
68,35,B
66,15,B
30,13,C
77,30,B
40,94,B
32,53,B
47,100,A
30,99,B
16,80,B
53,54,B
16,47,C
46,95,A
95,100,A
67,12,C
10,98,B
91,97,A
41,55,B
99,65,A
45,46,B
18,75,B
74,95,A
92,49,A
93,52,A
87,35,B
55,66,B
72,68,A
66,89,A
36,20,C
28,20,C
50,26,C
26,37,C
82,17,B
72,95,A
28,52,B
35,50,B
52,25,C
34,17,C
31,34,C
52,96,A
41,53,B
27,68,B
98,89,A
21,11,C
38,71,B
69,48,B
92,81,A
86,45,B
28,99,B
35,82,B
95,37,B
80,78,A
34,59,B
29,10,C
19,29,C
21,62,B
64,12,C
18,37,C
87,50,B
17,60,C
93,60,A
100,80,A
38,29,C
31,83,B
88,95,A
89,47,B
46,18,C
93,60,A
16,17,C
64,43,B
10,34,C
94,18,B
16,79,B
38,81,B
47,36,B
65,85,A
13,74,B
29,90,B
63,82,A
89,75,A
85,38,B
98,42,A
14,66,B
73,40,B
67,65,B
91,30,B
46,17,C
56,50,B
87,52,B
68,65,B
22,33,C
73,36,B
25,69,B
59,58,B
29,24,C
85,20,B
15,16,C
38,25,C
80,76,A
10,72,B
31,99,B
68,36,B
50,16,C
13,87,B
32,16,C
13,32,C
31,33,C
69,71,A
49,32,B
98,51,A
29,36,C
41,12,C
17,57,C
78,40,B
96,14,B
61,15,C
14,89,B
90,92,A
50,21,C
98,55,A
92,44,B
92,31,B
96,98,A
70,91,A
42,25,C
16,37,C
75,57,B
79,85,A
37,26,C
48,61,B
30,42,C
42,65,B
76,30,B
13,34,C
97,89,A
31,76,B
59,69,B
54,10,C
20,86,B
28,89,B
63,26,B
27,45,C
57,18,C
22,70,B
79,71,A
27,68,B
28,29,C
75,21,B
65,60,B
13,89,B
92,73,A
70,57,B
57,77,B
39,79,B
94,61,A
33,67,B
72,44,B
22,98,B
14,88,B
54,68,B
84,57,A
30,94,B
93,57,A
53,48,B
61,52,B
90,19,B
100,75,A
59,73,B
34,27,C
88,94,A
12,46,C
63,82,A
75,27,B
74,32,B
29,78,B
74,88,A
38,57,B
51,92,A
22,19,C
80,43,B
63,98,A
65,36,B
49,50,B
92,16,B
44,96,A
43,26,C
87,69,A
11,57,C
55,10,C
94,62,A
26,71,B
64,94,A
67,72,B
56,66,B
63,53,B
60,67,B
52,14,C
22,93,B
91,38,B
47,40,B
87,72,A
90,36,B
31,40,C
78,64,A
84,97,A
32,51,B
80,11,B
53,93,A
24,27,C
67,62,B
25,23,C
19,61,B
13,85,B
57,58,B
18,19,C
59,91,A
10,37,C
87,29,B
71,98,A
39,80,B
79,48,B
49,68,B
33,27,C
21,35,C
40,80,B
46,99,A
92,92,A
54,71,B
95,49,A
50,25,C
38,59,B
50,87,B
52,48,B
60,100,A
52,57,B
100,12,B
43,49,B
92,52,A
88,73,A
16,27,C
98,38,B
51,67,B
23,13,C
51,12,C
68,27,B
56,47,B
16,25,C
79,77,A
89,67,A
51,51,B
31,13,C
34,62,B
43,35,C
85,85,A
86,17,B
72,35,B
96,73,A
24,85,B
94,30,B
10,61,C
62,88,A
44,98,A
27,98,B
41,56,B
68,90,A
55,54,B
68,41,B
62,74,B
15,18,C
56,75,B
20,38,C
44,100,A
69,68,B
26,87,B
58,26,B
41,12,C
98,41,B
66,86,A
84,84,A
44,51,B
31,83,B
71,20,B
55,80,B
93,52,A
69,26,B
10,46,C
17,19,C
65,29,B
91,28,B
20,29,C
20,55,C
91,61,A
63,79,A
26,31,C
22,96,B
43,28,C
92,67,A
68,54,B
84,25,B
80,35,B
32,56,B
36,57,B
17,12,C
49,30,C
38,56,B
73,33,B
37,61,B
70,77,A
22,77,B
15,13,C
88,42,B
54,56,B
31,52,B
77,26,B
66,99,A
98,14,B
55,45,B
82,95,A
90,51,A
12,98,B
45,63,B
52,63,B
72,34,B
29,68,B
96,63,A
88,92,A
61,43,B
51,81,B
70,79,A
37,38,C
82,70,A
51,27,C
50,73,B
49,80,B
84,67,A
59,24,B
80,10,B
74,33,B
58,53,B
53,17,C
72,29,B
28,81,B
67,14,B
58,13,C
51,86,B
36,44,B
46,85,B
43,86,B
39,95,B
80,85,A
97,15,B
25,20,C
56,57,B
38,48,B
29,62,B
14,94,B
38,18,C
87,33,B
43,42,B
25,33,C
45,11,C
80,29,B
67,56,B
46,43,B
76,18,B
89,86,A
26,31,C
87,25,B
21,34,C
34,27,C
57,31,B
68,17,B
22,84,B
54,39,B
19,56,C
51,85,B
55,82,B
29,43,C
22,85,B
11,71,B
12,77,B
16,77,B
41,92,B
41,15,C
33,44,C
98,56,A
94,88,A
30,75,B
72,76,A
70,95,A
12,64,C
57,64,B
59,60,B
18,83,B
80,56,B
52,72,B
39,56,B
36,79,B
52,86,B
32,77,B
100,25,B
70,67,B
15,56,C
43,81,B
85,38,B
25,95,B
25,19,C
97,65,A
74,78,A
65,51,B
97,60,A
48,67,B
56,50,B
61,85,A
63,52,B
62,47,B
65,34,B
77,14,B
100,33,B
82,84,A
45,93,B
35,86,B
69,94,A
42,62,B
14,42,C
84,90,A
18,54,C
93,24,B
63,20,B
46,66,B
35,72,B
16,18,C
99,37,B
70,38,B
27,66,B
85,55,A
19,46,C
48,53,B
29,100,B
11,91,B
42,29,C
93,41,B
78,49,B
50,15,C
37,77,B
74,47,B
88,54,A
30,78,B
61,27,B
89,51,A
60,64,B
81,72,A
28,82,B
67,17,B
93,32,B
65,75,A
91,32,B
58,20,C
69,42,B
17,36,C
12,44,C
11,67,C
29,92,B
88,14,B
88,24,B
63,44,B
51,57,B
67,89,A
12,59,C
63,98,A
88,45,B
46,75,B
73,91,A
66,20,B
11,39,C
68,62,B
42,98,A
53,13,C
68,43,B
78,48,B
60,22,B
26,18,C
19,27,C
60,33,B
46,60,B
66,53,B
60,80,A
21,77,B
44,17,C
80,13,B
79,34,B
80,44,B
42,66,B
28,15,C
93,40,B
30,88,B
67,31,B
58,82,A
81,53,B
81,43,B
61,70,B
30,71,B
30,82,B
94,88,A
77,20,B
83,21,B
25,66,B
70,55,B
23,88,B
31,77,B
89,31,B
48,73,B
17,32,C
97,17,B
68,72,A
36,24,C
13,88,B
21,73,B
85,10,B
56,10,C
36,87,B
44,14,C
54,28,B
12,93,B
55,14,C
18,67,B
45,24,C
17,63,B
18,50,C
64,84,A
28,57,B
12,72,B
72,58,B
93,95,A
18,98,B
62,96,A
36,68,B
86,29,B
47,52,B
62,64,B
92,76,A
58,43,B
26,47,C
16,93,B
27,82,B
89,82,A
33,20,C
27,25,C
44,26,C
94,93,A
75,73,A
94,89,A
66,35,B
49,62,B
13,62,C
92,64,A
84,55,B
55,59,B
70,46,B
99,26,B
77,89,A
25,40,C
99,65,A
31,13,C
98,71,A
100,56,A
61,25,B
67,69,B
56,10,C
12,87,B
27,29,C
29,55,B
20,92,B
64,90,A
92,29,B
51,56,B
99,15,B
40,43,B
88,81,A
23,33,C
75,48,B
28,15,C
65,34,B
43,86,B
38,67,B
93,42,B
60,16,C
79,84,A
31,43,C
22,72,B
74,78,A
27,16,C
63,22,B
29,87,B
65,97,A
53,52,B
93,97,A
70,94,A
50,52,B
82,13,B
85,86,A
26,44,C
87,92,A
25,95,B
37,68,B
21,14,C
68,60,B
97,68,A
83,11,B
44,78,B
83,86,A
50,79,B
63,69,B
12,100,B
52,64,B
59,92,A
43,84,B
23,54,C
51,21,C
13,35,C
64,27,B
70,25,B
47,47,B
54,45,B
64,66,B
82,52,B
78,27,B
63,17,B
54,70,B
39,62,B
76,18,B
83,55,B
76,49,B
46,64,B
77,97,A
81,93,A
49,35,B
40,97,B
49,89,B
33,44,C
96,78,A
21,95,B
97,41,B
41,73,B
53,90,A
32,20,C
56,62,B
21,76,B
48,29,C
36,59,B
16,81,B
19,70,B
28,15,C
95,57,A
85,81,A
93,68,A
99,19,B
87,30,B
43,89,B
41,85,B
73,27,B
61,55,B
94,55,A
57,35,B
12,47,C
41,94,B
75,12,B
84,27,B
48,56,B
78,42,B
64,14,C
87,96,A
93,34,B
43,12,C
58,79,B
64,67,B
72,98,A
56,38,B
17,14,C
95,15,B
24,44,C
98,75,A
68,43,B
97,17,B
26,23,C
27,16,C
18,76,B
79,78,A
45,37,B
95,56,A
12,15,C
12,72,B
99,48,A
34,67,B
96,26,B
41,92,B
75,32,B
22,51,C
88,36,B
11,10,C
62,69,B
23,68,B
50,69,B
68,70,B
100,74,A
86,30,B
85,78,A
88,36,B
25,82,B
87,11,B
36,55,B
64,69,B
61,72,B
27,68,B
79,62,A
61,66,B
26,73,B
32,36,C
28,61,B
15,62,C
98,12,B
43,41,B
17,63,B
37,51,B
56,95,A
40,25,C
52,18,C
36,18,C
82,72,A
78,98,A
92,86,A
64,19,B
51,74,B
59,49,B
100,55,A
74,65,B
38,73,B
20,44,C
43,95,B
86,41,B
40,22,C
29,50,C
39,26,C
22,26,C
66,40,B
71,98,A
13,11,C
14,58,C
42,97,B
97,32,B
28,74,B
95,78,A
28,96,B
73,95,A
45,56,B
72,23,B
81,91,A
44,62,B
35,91,B
52,53,B
78,18,B
55,38,B
37,80,B
36,53,B
43,53,B
83,57,A
62,19,B
78,93,A
56,22,C
45,55,B
11,75,B
42,48,B
85,33,B
74,47,B
68,88,A
20,45,C
46,26,C
12,51,C
86,27,B
26,36,C
95,23,B
33,41,C
56,36,B
51,16,C
51,86,B
68,11,C
60,73,B
78,93,A
88,24,B
87,10,B
87,30,B
95,77,A
88,11,B
81,85,A
95,60,A
38,39,C
60,86,A
87,21,B
28,65,B
22,90,B
91,80,A
38,28,C
85,46,B
85,41,B
28,60,B
60,13,C
44,33,C
39,95,B
28,34,C
98,72,A
22,89,B
68,56,B
55,32,B
58,15,C
25,80,B
32,95,B
10,48,C
89,73,A
17,68,B
59,33,B
40,94,B
85,59,A
25,30,C
40,75,B
71,34,B
37,20,C
18,87,B
67,42,B
89,24,B
99,80,A
42,79,B
41,57,B
28,86,B
85,15,B
87,68,A
47,30,C
73,23,B
68,82,A
86,86,A
70,75,A
94,89,A
14,73,B
45,70,B
92,51,A
85,69,A
44,38,B
87,41,B
49,93,A
16,44,C
57,15,C
17,35,C
56,73,B
18,12,C
100,72,A
90,85,A
36,54,B
79,37,B
65,53,B
32,61,B
37,64,B
84,53,B
50,13,C
49,81,B
67,16,B
68,49,B
67,96,A
24,10,C
91,13,B
44,73,B
88,65,A
31,11,C
39,46,B
80,88,A
63,84,A
50,52,B
15,97,B
44,61,B
32,57,B
81,74,A
51,10,C
97,15,B
44,36,B
21,13,C
72,76,A
30,62,B
55,51,B
28,24,C
18,53,C
43,14,C
78,36,B
27,78,B
23,63,B
87,76,A
81,60,A
37,82,B
28,47,C
87,95,A
99,46,A
92,97,A
87,12,B
52,55,B
35,39,C
42,44,B
24,24,C
74,13,B
63,84,A
75,56,B
68,26,B
87,84,A
96,60,A
38,89,B
63,10,C
76,33,B
74,11,B
83,75,A
32,10,C
64,19,B
79,25,B
58,17,C
70,67,B
86,57,A
66,79,A
82,100,A
82,16,B
58,16,C
84,80,A
16,97,B
73,11,B
88,65,A
36,24,C
31,91,B
23,33,C
16,57,C
96,72,A
82,51,B
10,83,B
40,37,C
61,31,B
43,86,B
30,26,C
26,64,B
57,90,A
52,54,B
16,85,B
73,17,B
22,89,B
54,37,B
54,64,B
47,78,B
92,65,A
21,53,C
31,84,B
47,26,C
100,56,A
59,24,B
17,49,C
57,50,B
80,45,B
22,57,C
45,31,C
58,63,B
39,49,B
98,67,A
94,98,A
100,52,A
81,64,A
69,65,B
42,67,B
53,75,B
75,36,B
97,17,B
87,70,A
16,60,C
78,56,B
80,87,A
79,32,B
71,56,B
51,44,B
77,74,A
26,76,B
86,88,A
80,40,B
16,75,B
42,40,B
79,36,B
69,82,A
78,60,B
57,93,A
25,86,B
87,52,B
25,47,C
66,54,B
91,81,A
67,59,B
27,53,B
33,43,C
58,52,B
71,81,A
60,100,A
64,38,B
68,67,B
80,10,B
84,93,A
16,13,C
62,31,B
84,68,A
99,30,B
67,72,B
16,30,C
89,33,B
86,72,A
76,66,A
20,100,B
29,55,B
36,72,B
85,92,A
27,89,B
54,81,B
100,96,A
30,21,C
15,81,B
24,61,B
71,15,B
51,87,B
94,54,A
88,22,B
79,61,A
61,40,B
82,49,B
28,85,B
53,10,C
44,48,B
17,62,C
85,46,B
91,66,A
42,65,B
66,35,B
83,11,B
65,78,A
40,29,C
80,47,B
28,41,C
38,64,B
91,92,A
91,20,B
40,26,C
56,95,A
19,94,B
25,53,C
56,47,B
29,77,B
43,29,C
39,81,B
79,36,B
28,54,B
96,99,A
50,25,C
95,17,B
42,64,B
79,75,A
23,59,B
33,39,C
99,34,B
98,84,A
30,66,B
72,42,B
86,59,A
70,90,A
25,66,B
90,16,B
62,78,A
12,60,C
89,19,B
35,44,C
43,21,C
13,18,C
11,13,C
65,23,B
83,76,A
24,84,B
57,38,B
19,27,C
16,47,C
54,83,B
14,70,B
89,47,B
96,35,B
98,14,B
65,57,B
43,68,B
21,41,C
30,36,C
65,53,B
48,77,B
61,21,B
48,53,B
96,84,A
90,10,B
97,68,A
75,93,A
23,59,B
76,73,A
55,83,B
50,38,B
47,89,B
37,70,B
61,63,B
100,29,B
41,74,B
99,16,B
56,71,B
79,100,A
56,47,B
83,57,A
40,81,B
89,88,A
56,43,B
37,37,C
73,16,B
60,68,B
93,61,A
45,28,C
71,90,A
53,28,B
20,60,B
95,34,B
65,59,B
61,83,A
87,40,B
83,55,B
19,97,B
98,21,B
68,88,A
99,62,A
66,93,A
77,95,A
56,72,B
55,86,A
32,36,C
82,74,A
93,17,B
11,48,C
42,80,B
33,33,C
76,87,A
28,15,C
100,63,A
62,97,A
66,70,B
26,24,C
63,20,B
27,79,B
57,56,B
46,71,B
91,100,A
24,56,B
34,30,C
17,58,C
53,57,B
40,42,B
67,18,B
90,54,A
88,37,B
90,79,A
86,23,B
100,84,A
86,58,A
34,31,C
73,49,B
46,28,C
58,10,C
88,47,B
16,16,C
21,90,B
20,56,C
44,67,B
50,28,C
34,45,C
56,23,C
50,42,B
13,42,C
15,37,C
83,88,A
33,90,B
92,44,B
25,31,C
70,73,A
92,36,B
35,21,C
55,92,A
10,77,B
34,54,B
68,47,B
34,53,B
54,92,A
38,89,B
40,67,B
86,71,A
89,66,A
78,73,A
27,12,C
72,91,A
32,32,C
48,50,B
90,44,B
86,12,B
60,59,B
27,31,C
77,56,B
66,21,B
72,23,B
64,26,B
82,96,A
100,34,B
15,19,C
83,60,A
81,46,B
99,68,A
59,44,B
81,21,B
73,29,B
23,59,B
99,55,A
44,43,B
41,25,C
41,41,B
68,92,A
90,79,A
52,51,B
13,30,C
61,83,A
75,16,B
41,92,B
22,89,B
64,36,B
17,95,B
38,26,C
34,78,B
59,16,C
66,17,B
90,32,B
71,63,B
50,62,B
24,22,C
50,54,B
83,71,A
40,49,B
55,74,B
85,55,A
39,93,B
65,60,B
96,25,B
88,68,A
49,30,C
44,79,B
13,68,B
93,84,A
13,68,B
75,48,B
45,78,B
32,67,B
78,51,B
10,82,B
61,11,C
76,12,B
48,79,B
49,79,B
73,22,B
59,95,A
100,73,A
30,24,C
98,99,A
50,79,B
73,24,B
84,62,A
27,79,B
63,67,B
79,92,A
38,38,C
72,35,B
78,30,B
39,92,B
55,51,B
39,16,C
58,70,B
88,63,A
51,25,C
73,72,A
95,58,A
68,97,A
23,45,C
21,39,C
94,29,B
94,32,B
83,92,A
21,82,B
59,20,C
69,66,B
21,86,B
41,10,C
48,11,C
41,90,B
72,48,B
21,79,B
78,60,B
28,40,C
60,99,A
72,73,A
95,94,A
74,41,B
66,58,B
12,75,B
33,78,B
35,65,B
97,68,A
22,75,B
69,38,B
41,28,C
93,47,A
51,34,B
61,32,B
72,45,B
66,13,C
94,41,B
41,41,B
76,96,A
12,22,C
15,21,C
85,15,B
80,59,B
68,94,A
22,40,C
82,71,A
14,74,B
18,87,B
26,68,B
26,21,C
40,36,C
75,44,B
74,51,B
25,26,C
68,70,B
95,66,A
28,16,C
73,67,A
17,45,C
65,74,B
41,84,B
19,79,B
86,52,B
38,11,C
89,41,B
12,78,B
47,77,B
52,34,B
45,67,B
87,35,B
65,97,A
44,96,A
45,35,B
73,67,A
49,50,B
83,29,B
88,19,B
39,89,B
43,66,B
25,52,C
70,65,B
88,90,A
58,64,B
34,10,C
43,46,B
59,100,A
67,99,A
21,80,B
13,90,B
57,14,C
62,61,B
40,38,C
17,51,C
79,35,B
91,78,A
19,52,C
95,78,A
75,18,B
23,50,C
99,43,A
67,57,B
98,10,B
56,42,B
30,72,B
21,45,C
42,63,B
74,28,B
99,67,A
18,38,C
99,45,A
33,45,C
83,85,A
81,31,B
45,46,B
44,76,B
58,68,B
43,66,B
54,96,A
22,60,B
33,37,C
72,66,B
67,20,B
42,79,B
85,92,A
57,100,A
98,71,A
34,99,B
15,17,C
68,65,B
79,100,A
20,69,B
73,57,B
100,79,A
44,48,B
44,84,B
31,27,C
28,75,B
71,96,A
52,62,B
100,50,A
81,93,A
14,79,B
52,84,B
38,79,B
100,25,B
20,65,B
72,51,B
92,31,B
98,16,B
54,52,B
100,93,A
23,33,C
66,50,B
40,82,B
78,46,B
71,79,A
37,44,B
94,95,A
21,46,C
84,79,A
48,20,C
10,94,B
93,77,A
80,33,B
54,14,C
75,93,A
45,13,C
93,49,A
18,52,C
62,76,B
47,81,B
42,20,C
77,66,A
50,41,B
35,29,C
28,76,B
39,60,B
97,54,A
12,69,B
88,57,A
30,72,B
66,100,A
17,71,B
63,73,B
66,72,B
41,56,B
82,61,A
27,70,B
72,70,A
57,36,B
79,59,B
74,24,B
39,85,B
55,42,B
32,10,C
29,21,C
50,35,B
47,44,B
81,55,B
29,83,B
59,13,C
33,10,C
26,16,C
59,91,A
30,77,B
82,22,B
59,18,C
90,99,A
61,65,B
93,98,A
21,81,B
20,85,B
14,77,B
50,23,C
55,20,C
27,36,C
71,82,A
88,72,A
25,40,C
64,84,A
87,39,B
32,58,B
67,89,A
84,24,B
10,93,B
94,87,A
97,59,A
27,23,C
65,71,B
71,57,B
88,95,A
50,47,B
65,18,B
97,49,A
76,92,A
29,88,B
60,42,B
47,76,B
23,50,C
10,27,C
33,83,B
72,11,B
98,24,B
35,64,B
93,88,A
35,83,B
85,40,B
94,68,A
59,73,B
28,72,B
100,75,A
48,98,A
21,39,C
14,16,C
51,73,B
97,10,B
24,63,B
61,86,A
28,76,B
86,76,A
74,80,A
51,66,B
52,48,B
10,74,B
41,53,B
68,68,B
18,83,B
74,12,B
75,21,B
25,10,C
73,99,A
77,62,B
45,32,C
55,11,C
38,21,C
63,15,C
39,11,C
14,23,C
75,81,A
89,25,B
58,76,B
67,66,B
100,87,A
56,39,B
78,83,A
97,34,B
80,15,B
46,57,B
49,41,B
45,88,B
36,73,B
61,23,B
12,37,C
90,23,B
30,34,C
82,19,B
71,13,B
29,38,C
53,97,A
13,53,C
46,52,B
80,86,A
46,72,B
22,44,C
90,31,B
53,72,B
70,32,B
23,15,C
85,35,B
44,65,B
18,17,C
75,79,A
88,80,A
62,22,B
96,35,B
62,44,B
89,65,A
31,27,C
71,18,B
50,68,B
78,68,A
53,35,B
53,96,A
65,40,B
36,19,C
27,35,C
44,66,B
60,69,B
43,56,B
93,47,A
13,34,C
41,43,B
34,76,B
84,53,B
72,86,A
63,28,B
21,39,C
86,17,B
48,79,B
67,83,A
62,42,B
68,48,B
35,79,B
95,17,B
77,14,B
23,78,B
64,63,B
66,31,B
63,11,C
23,26,C
64,75,B
20,90,B
25,67,B
14,22,C
79,13,B
28,69,B
74,58,B
39,90,B
46,75,B
97,42,B
44,56,B
42,73,B
21,76,B
83,84,A
87,18,B
56,63,B
23,92,B
71,48,B
68,40,B
71,41,B
18,83,B
10,44,C
42,30,C
65,22,B
19,92,B
52,68,B
19,84,B
55,80,B
26,87,B
24,48,C
77,80,A
16,80,B
74,49,B
95,67,A
84,69,A
68,69,B
47,74,B
61,22,B
18,83,B
54,40,B
54,45,B
45,70,B
63,77,A
87,44,B
23,13,C
60,70,B
23,70,B
60,92,A
94,21,B
69,97,A
69,23,B
15,81,B
73,68,A
30,90,B
61,96,A
22,30,C
83,45,B
59,83,A
59,88,A
86,83,A
90,37,B
50,69,B
73,88,A
31,99,B
27,65,B
74,27,B
76,31,B
73,29,B
18,72,B
68,40,B
74,10,B
18,45,C
26,15,C
80,77,A
88,47,B
33,28,C
21,89,B
42,48,B
51,46,B
37,45,B
85,75,A
38,99,B
25,74,B
65,86,A
99,10,B
87,100,A
38,71,B
17,78,B
51,49,B
13,70,B
97,64,A
98,95,A
29,17,C
84,61,A
17,83,B
88,85,A
46,96,A
14,53,C
61,59,B
73,81,A
64,38,B
62,15,C
92,65,A
75,34,B
39,35,C
96,50,A
88,28,B
52,51,B
60,29,B
21,99,B
75,19,B
10,54,C
62,99,A
81,85,A
86,44,B
54,53,B
60,86,A
80,26,B
38,77,B
100,20,B
100,20,B
13,31,C
54,14,C
43,47,B
44,23,C
11,10,C
24,55,C
23,96,B
16,55,C
50,100,A
24,81,B
90,20,B
60,16,C
94,87,A
76,81,A
71,78,A
52,16,C
37,19,C
56,29,B
34,97,B
90,91,A
88,42,B
71,43,B
10,16,C
72,50,B
100,59,A
50,46,B
81,36,B
47,28,C
70,26,B
81,56,B
67,90,A
55,21,C
80,22,B
48,61,B
93,54,A
59,89,A
19,38,C
65,71,B
13,59,C
38,66,B
21,54,C
39,41,B
55,23,C
84,14,B
58,63,B
87,17,B
58,81,B
66,81,A
73,69,A
84,75,A
66,48,B
52,36,B
79,53,B
72,10,B
65,10,C
44,60,B
93,64,A
62,69,B
100,45,A
24,43,C
73,46,B
71,60,B
86,69,A
64,62,B
74,27,B
15,27,C
84,15,B
49,45,B
85,33,B
80,91,A
58,100,A
64,33,B
78,14,B
55,70,B
96,54,A
78,42,B
85,15,B
20,34,C
84,37,B
99,23,B
98,54,A
19,23,C
97,72,A
79,80,A
49,78,B
63,96,A
17,20,C
57,95,A
69,69,B
18,33,C
86,39,B
60,70,B
75,13,B
36,12,C
12,32,C
81,94,A
36,59,B
41,12,C
91,81,A
83,46,B
54,47,B
61,39,B
93,60,A
64,86,A
47,71,B
93,65,A
34,59,B
10,47,C
90,72,A
79,70,A
86,40,B
31,53,B
63,76,B
55,78,B
61,68,B
95,29,B
81,46,B
76,83,A
62,84,A
48,58,B
14,14,C
66,88,A
48,69,B
100,49,A
55,71,B
96,15,B
71,95,A
28,73,B
35,74,B
99,16,B
21,85,B
15,15,C
23,23,C
34,60,B
74,32,B
34,95,B
42,13,C
80,50,B
99,21,B
27,36,C
69,34,B
32,25,C
65,84,A
86,22,B
15,78,B
12,19,C
40,46,B
97,60,A
49,69,B
48,96,A
91,49,A
71,97,A
47,51,B
20,77,B
93,12,B
23,16,C
48,48,B
68,47,B
72,75,A
78,52,B
97,54,A
97,77,A
23,70,B
64,67,B
83,48,B
78,59,B
89,34,B
43,46,B
79,55,B
66,61,B
93,57,A
68,13,B
58,40,B
41,44,B
71,27,B
53,11,C
78,35,B
74,48,B
92,77,A
56,56,B
48,38,B
69,16,B
31,27,C
94,92,A
54,68,B
49,17,C
29,44,C
10,20,C
69,71,A
83,14,B
29,85,B
42,80,B
13,14,C
68,13,B
18,18,C
30,63,B
46,52,B
83,41,B
87,25,B
49,64,B
28,47,C
40,20,C
50,55,B
47,19,C
17,17,C
48,81,B
78,64,A
46,97,A
26,81,B
92,21,B
17,32,C
56,75,B
78,15,B
18,26,C
39,85,B
37,52,B
20,45,C
59,23,B
54,23,C
26,42,C
97,55,A
23,57,B
18,55,C
40,93,B
45,72,B
95,95,A
22,61,B
15,71,B
79,24,B
34,33,C
48,16,C
87,19,B
53,38,B
80,48,B
85,63,A
42,52,B
52,86,B
20,16,C
78,81,A
42,26,C
21,34,C
26,76,B
10,66,C
16,77,B
96,38,B
26,10,C
89,23,B
93,45,B
19,11,C
56,41,B
80,79,A
90,22,B
27,50,C
34,77,B
85,10,B
70,82,A
60,37,B
82,100,A
25,14,C
50,31,B
88,30,B
91,89,A
27,62,B
63,61,B
19,47,C
96,37,B
33,52,B
19,64,B
82,84,A
27,30,C
34,68,B
63,94,A
45,83,B
61,44,B
54,92,A
70,34,B
74,85,A
36,27,C
73,92,A
64,40,B
82,53,B
68,29,B
87,70,A
68,30,B
23,29,C
92,29,B
25,92,B
76,79,A
25,54,C
54,91,A
79,95,A
54,66,B
44,51,B
53,57,B
54,34,B
69,57,B
63,89,A
95,13,B
85,56,A
47,54,B
82,12,B
17,25,C
31,70,B
34,42,C
88,86,A
93,100,A
19,93,B
58,100,A
68,22,B
12,14,C
80,59,B
97,13,B
90,95,A
23,45,C
69,64,B
16,65,B
18,77,B
32,91,B
14,67,B
23,57,B
53,19,C
45,70,B
97,14,B
57,99,A
11,44,C
54,14,C
79,81,A
84,54,B
67,16,B
54,32,B
22,89,B
54,84,B
86,68,A
47,15,C
78,62,A
28,27,C
31,56,B
19,10,C
89,55,A
76,38,B
67,96,A
64,40,B
67,85,A
22,82,B
56,38,B
57,77,B
51,21,C
69,27,B
47,83,B
97,41,B
25,80,B
97,12,B
93,24,B
14,50,C
14,92,B
51,67,B
30,67,B
42,95,B
12,49,C
14,88,B
84,84,A
61,15,C
55,39,B
29,37,C
38,56,B
81,31,B
60,85,A
24,16,C
31,28,C
97,74,A
37,38,C
30,26,C
46,89,B
71,65,B
93,22,B
57,50,B
55,58,B
24,38,C
20,40,C
75,92,A
94,62,A
81,78,A
97,52,A
77,82,A
54,70,B
45,65,B
25,17,C
60,66,B
57,97,A
58,100,A
90,43,B
18,96,B
87,70,A
54,66,B
91,72,A
98,90,A
93,22,B
56,64,B
39,27,C
31,10,C
63,28,B
56,73,B
77,36,B
14,98,B
70,19,B
34,100,B
48,58,B
95,29,B
18,26,C
87,65,A
17,56,C
75,87,A
78,73,A
99,71,A
21,16,C
99,60,A
20,44,C
77,42,B
21,95,B
30,53,B
97,14,B
63,90,A
42,92,B
15,10,C
67,38,B
80,32,B
31,29,C
11,11,C
66,24,B
44,29,C
73,41,B
67,53,B
93,31,B
20,97,B
72,94,A
72,19,B
41,92,B
14,34,C
84,49,B
27,58,B
14,15,C
98,66,A
52,31,B
65,39,B
34,20,C
94,34,B
32,80,B
71,91,A
61,16,C
42,83,B
28,71,B
64,89,A
30,80,B
22,93,B
58,47,B
64,91,A
36,53,B
98,93,A
52,53,B
59,44,B
90,23,B
46,65,B
26,34,C
60,48,B
71,96,A
57,71,B
51,16,C
80,62,A
23,47,C
93,85,A
94,91,A
77,48,B
64,35,B
60,82,A
31,56,B
24,64,B
39,62,B
69,26,B
50,68,B
71,61,B
91,34,B
94,54,A
29,30,C
64,11,C
13,90,B
52,69,B
87,32,B
12,66,C
58,24,B
88,11,B
95,49,A
21,81,B
27,77,B
56,89,A
15,74,B
15,10,C
40,100,A
61,100,A
10,89,B
49,78,B
37,22,C
23,61,B
75,13,B
59,46,B
97,39,B
91,34,B
48,72,B
63,66,B
59,29,B
33,45,C
32,65,B
24,37,C
91,54,A
15,67,B
42,21,C
23,65,B
23,91,B
36,66,B
36,12,C
31,84,B
26,94,B
38,61,B
22,67,B
46,34,B
72,61,B
69,35,B
86,100,A
58,16,C
95,55,A
85,100,A
70,98,A
35,97,B
47,26,C
67,69,B
89,18,B
76,68,A
45,90,B
43,30,C
58,99,A
63,93,A
89,31,B
91,75,A
22,71,B
36,13,C
63,85,A
70,10,B
15,79,B
34,82,B
99,43,A
67,96,A
10,38,C
40,73,B
38,86,B
54,42,B
40,47,B
51,49,B
77,92,A
82,43,B
97,54,A
80,62,A
92,13,B
23,87,B
31,48,C
71,23,B
69,33,B
22,18,C
14,22,C
43,21,C
72,67,B
41,32,C
69,40,B
35,94,B
98,13,B
68,55,B
11,91,B
91,12,B
47,29,C
73,37,B
57,72,B
64,46,B
87,26,B
95,69,A
65,80,A
93,70,A
88,11,B
28,27,C
32,62,B
38,23,C
53,31,B
26,56,B
98,54,A
55,81,B
62,23,B
93,27,B
51,35,B
100,66,A
45,84,B
54,61,B
84,57,A
53,33,B
80,12,B
24,79,B
100,89,A
23,96,B
72,11,B
28,76,B
16,83,B
64,80,A
56,100,A
100,49,A
40,99,B
54,47,B
19,75,B
27,35,C
49,54,B
77,61,B
99,23,B
79,55,B
99,82,A
62,48,B
77,53,B
16,94,B
59,24,B
80,87,A
95,33,B
77,81,A
12,16,C
36,60,B
10,86,B
85,43,B
19,39,C
13,21,C
45,80,B
42,21,C
72,53,B
69,25,B
79,87,A
59,51,B
10,100,B
72,71,A
40,66,B
83,52,B
31,12,C
87,90,A
31,11,C
100,91,A
57,46,B
100,56,A
14,77,B
21,78,B
85,10,B
71,79,A
61,74,B
75,56,B
61,22,B
18,15,C
94,58,A
13,81,B
90,61,A
65,50,B
78,34,B
78,80,A
65,93,A
60,11,C
38,93,B
68,76,A
29,87,B
93,63,A
49,44,B
36,74,B
39,52,B
54,31,B
95,32,B
86,70,A
67,69,B
34,51,B
32,22,C
18,37,C
84,98,A
32,47,C
77,28,B
100,30,B
87,29,B
95,40,B
56,79,B
11,56,C
48,34,B
36,91,B
47,80,B
27,98,B
85,86,A
83,87,A
32,100,B
19,32,C
11,97,B
92,21,B
99,25,B
96,86,A
64,60,B
59,76,B
47,22,C
41,97,B
90,37,B
24,12,C
92,10,B
62,59,B
86,29,B
75,88,A
89,23,B
53,78,B
60,80,A
24,47,C
55,99,A
41,92,B
88,66,A
77,89,A
23,31,C
37,56,B
59,80,B
72,96,A
44,11,C
31,71,B
14,37,C
51,85,B
20,15,C
24,26,C
54,33,B
18,34,C
11,19,C
21,94,B
16,54,C
54,78,B
77,20,B
99,11,B
30,76,B
27,29,C
98,42,A
85,12,B
41,45,B
60,70,B
57,61,B
48,18,C
40,63,B
56,98,A
90,45,B
93,78,A
51,68,B
45,59,B
61,76,B
11,60,C
46,30,C
17,40,C
80,15,B
98,76,A
64,100,A
98,54,A
15,12,C
40,24,C
46,81,B
14,68,B
89,97,A
25,16,C
68,89,A
70,97,A
21,94,B
15,63,C
10,46,C
71,21,B
18,100,B
20,77,B
13,59,C
24,76,B
71,66,B
87,30,B
68,96,A
99,46,A
12,25,C
57,95,A
50,96,A
83,46,B
45,94,B
57,12,C
86,22,B
64,81,A
88,81,A
16,44,C
23,59,B
83,70,A
57,18,C
78,83,A
40,68,B
16,87,B
35,36,C
78,21,B
54,67,B
73,15,B
77,99,A
90,78,A
55,68,B
53,10,C
13,36,C
84,94,A
90,37,B
28,42,C
42,41,B
37,61,B
11,76,B
39,36,C
43,63,B
87,84,A
57,15,C
98,98,A
86,42,B
89,82,A
63,71,B
26,80,B
80,65,A
78,31,B
81,90,A
19,30,C
64,52,B
100,73,A
95,99,A
29,88,B
90,38,B
54,22,C
44,41,B
82,44,B
23,70,B
82,47,B
31,21,C
30,90,B
10,61,C
36,78,B
64,66,B
27,31,C
26,64,B
40,23,C
53,65,B
36,25,C
39,72,B
22,69,B
68,66,B
92,61,A
98,12,B
33,35,C
40,65,B
86,16,B
47,76,B
44,99,A
74,77,A
94,95,A
12,52,C
35,69,B
39,14,C
94,85,A
51,37,B
34,91,B
19,59,C
36,70,B
58,26,B
19,43,C
45,48,B
95,41,B
81,99,A
32,99,B
40,27,C
53,70,B
98,32,B
23,25,C
59,59,B
100,97,A
19,44,C
75,25,B
74,38,B
73,31,B
73,61,B
33,38,C
25,56,B
92,69,A
53,49,B
90,87,A
13,47,C
85,23,B
95,12,B
69,81,A
35,82,B
32,57,B
61,72,B
15,12,C
55,49,B
41,39,B
93,14,B
68,69,B
24,44,C
57,74,B
68,55,B
59,11,C
59,33,B
51,21,C
81,72,A
98,37,B
71,28,B
51,34,B
32,69,B
65,33,B
27,70,B
100,71,A
91,73,A
75,32,B
20,59,C
37,83,B
75,34,B
56,46,B
25,100,B
45,33,C
62,76,B
31,32,C
86,51,B
56,22,C
44,48,B
16,51,C
48,28,C
89,65,A
30,58,B
21,88,B
13,55,C
43,34,C
32,61,B
36,73,B
27,24,C
63,71,B
37,36,C
39,49,B
90,44,B
29,25,C
24,46,C
66,54,B
54,70,B
97,87,A
100,52,A
59,92,A
28,94,B
70,88,A
46,12,C
39,38,C
10,77,B
86,46,B
18,49,C
52,13,C
21,55,C
63,56,B
53,94,A
93,56,A
53,88,A
13,100,B
20,14,C
35,83,B
47,10,C
67,51,B
33,74,B
51,72,B
23,17,C
93,42,B
12,34,C
64,46,B
55,27,B
53,35,B
22,39,C
65,70,B
78,68,A
55,25,B
21,42,C
88,36,B
11,44,C
88,13,B
22,69,B
32,47,C
52,92,A
31,13,C
13,39,C
82,99,A
77,34,B
82,39,B
41,89,B
17,49,C
90,89,A
64,96,A
95,12,B
89,45,B
46,59,B
29,41,C
10,15,C
51,56,B
20,82,B
36,19,C
19,39,C
57,76,B
31,21,C
38,54,B
17,58,C
11,99,B
78,47,B
95,29,B
11,54,C
52,92,A
41,25,C
90,97,A
87,15,B
43,88,B
84,61,A
41,47,B
27,46,C
35,74,B
65,46,B
74,46,B
44,44,B
61,27,B
56,50,B
52,32,B
60,69,B
100,64,A
30,66,B
62,50,B
72,60,B
64,87,A
94,25,B
55,21,C
24,12,C
91,37,B
23,42,C
49,82,B
92,49,A
62,40,B
98,33,B
34,24,C
28,10,C
78,37,B
74,17,B
21,85,B
28,29,C
10,70,B
25,63,B
66,72,B
55,45,B
69,91,A
78,22,B
86,61,A
51,16,C
42,26,C
18,27,C
31,89,B
37,39,C
33,54,B
68,72,A
82,79,A
16,65,B
34,30,C
92,76,A
71,66,B
23,72,B
73,79,A
75,53,B
85,88,A
60,14,C
81,47,B
15,84,B
24,33,C
94,13,B
78,27,B
58,53,B
33,48,B
18,92,B
61,20,B
16,99,B
16,44,C
51,26,C
24,76,B
60,71,B
93,78,A
43,22,C
62,50,B
34,72,B
33,93,B
67,54,B
15,23,C
39,95,B
63,63,B
92,60,A
66,12,C
46,26,C
24,49,C
66,29,B
84,64,A
75,76,A
93,27,B
57,31,B
71,66,B
85,85,A
67,63,B
63,22,B
93,18,B
16,42,C
17,87,B
86,22,B
57,83,A
38,43,B
87,27,B
71,82,A
18,18,C
62,49,B
45,52,B
46,73,B
13,62,C
70,25,B
14,75,B
84,22,B
49,36,B
67,38,B
81,25,B
43,56,B
45,61,B
89,31,B
86,22,B
83,74,A
14,64,C
19,50,C
47,58,B
92,84,A
89,97,A
61,84,A
16,64,B
73,100,A
72,100,A
70,18,B
64,67,B
87,75,A
30,35,C
25,65,B
15,51,C
87,87,A
22,43,C
81,50,B
98,11,B
24,95,B
99,88,A
85,16,B
17,49,C
79,44,B
54,25,C
74,20,B
73,25,B
38,67,B
32,74,B
66,68,B
77,21,B
64,28,B
59,75,B
86,61,A
26,47,C
58,65,B
61,43,B
69,24,B
98,11,B
66,33,B
30,42,C
59,18,C
38,84,B
51,68,B
97,56,A
80,33,B
67,67,B
11,48,C
92,12,B
77,10,B
52,96,A
24,72,B
86,35,B
98,99,A
63,32,B
57,24,B
33,37,C
22,34,C
94,56,A
38,86,B
37,82,B
57,47,B
25,77,B
19,23,C
79,70,A
73,84,A
28,68,B
32,22,C
82,24,B
79,22,B
100,69,A
26,97,B
72,21,B
92,75,A
16,60,C
51,70,B
62,15,C
72,79,A
37,66,B
19,84,B
12,56,C
68,37,B
78,90,A
61,36,B
39,25,C
61,86,A
73,77,A
40,69,B
91,71,A
82,66,A
86,25,B
65,80,A
11,100,B
48,76,B
39,98,B
98,15,B
11,34,C
41,34,C
37,49,B
37,18,C
98,85,A
83,16,B
90,50,A
83,94,A
85,24,B
79,78,A
12,58,C
81,79,A
90,22,B
50,67,B
63,20,B
18,34,C
63,82,A
88,99,A
88,75,A
56,97,A
100,31,B
68,41,B
37,59,B
65,46,B
28,92,B
52,36,B
11,73,B
78,29,B
35,21,C
66,46,B
44,46,B
45,52,B
84,26,B
50,89,B
63,55,B
24,100,B
90,19,B
76,42,B
77,21,B
89,11,B
47,66,B
53,49,B
52,26,C
15,69,B
47,32,C
32,22,C
85,63,A
60,74,B
31,100,B
66,34,B
68,75,A
24,91,B
19,18,C
74,97,A
97,45,A
26,49,C
84,90,A
39,61,B
72,58,B
36,56,B
41,25,C
85,23,B
38,49,B
47,73,B
79,14,B
38,10,C
49,55,B
31,54,B
79,72,A
43,83,B
68,57,B
56,90,A
61,85,A
18,79,B
10,26,C
15,49,C
87,94,A
58,76,B
50,34,B
57,53,B
44,55,B
21,41,C
21,71,B
37,75,B
77,43,B
96,40,B
23,35,C
98,18,B
35,37,C
64,31,B
67,17,B
22,93,B
61,67,B
19,48,C
12,64,C
58,79,B
29,87,B
83,86,A
83,25,B
27,51,C
34,40,C
42,16,C
45,37,B
63,82,A
48,88,B
60,82,A
43,45,B
78,43,B
74,28,B
18,64,B
72,46,B
76,63,B
51,58,B
12,26,C
42,17,C
65,71,B
61,45,B
41,80,B
94,92,A
33,48,B
29,66,B
59,52,B
49,73,B
17,36,C
18,23,C
46,45,B
93,90,A
97,93,A
39,87,B
43,59,B
35,64,B
55,88,A
85,87,A
78,28,B
59,81,A
46,37,B
79,56,B
50,18,C
65,74,B
76,32,B
27,97,B
34,49,B
72,17,B
62,76,B
96,62,A
99,49,A
12,99,B
64,67,B
74,17,B
73,33,B
52,20,C
57,68,B
94,14,B
29,86,B
48,26,C
51,77,B
32,92,B
53,78,B
82,79,A
22,63,B
67,12,C
34,13,C
21,18,C
89,38,B
37,47,B
11,89,B
41,89,B
39,57,B
88,75,A
99,62,A
67,69,B
48,66,B
10,98,B
91,64,A
38,19,C
66,45,B
55,61,B
53,95,A
41,45,B
68,87,A
37,37,C
74,22,B
23,61,B
66,39,B
87,85,A
49,55,B
62,23,B
49,12,C
37,54,B
29,87,B
11,87,B
57,19,C
22,65,B
30,62,B
62,36,B
43,82,B
52,83,B
94,65,A
17,35,C
48,12,C
61,87,A
69,41,B
67,86,A
15,23,C
68,95,A
94,98,A
67,43,B
65,38,B
97,58,A
49,44,B
77,49,B
38,16,C
61,61,B
36,54,B
33,12,C
98,58,A
48,87,B
84,100,A
33,50,B
45,99,A
70,42,B
46,73,B
38,39,C
61,65,B
37,99,B
38,89,B
48,17,C
12,15,C
52,12,C
43,83,B
53,48,B
74,25,B
54,51,B
73,93,A
13,73,B
48,79,B
53,25,C
61,95,A
89,93,A
49,51,B
42,66,B
70,11,B
24,28,C
66,86,A
36,57,B
27,96,B
50,89,B
49,34,B
22,44,C
79,64,A
68,52,B
72,59,B
96,27,B
44,44,B
23,86,B
75,18,B
52,26,C
31,90,B
80,32,B
48,46,B
18,47,C
97,44,A
40,48,B
24,45,C
12,67,C
58,90,A
19,46,C
24,24,C
65,48,B
43,24,C
69,87,A
38,66,B
52,53,B
40,49,B
99,54,A
39,30,C
55,34,B
43,85,B
10,24,C
77,79,A
89,23,B
44,89,B
26,51,C
59,18,C
48,91,B
39,59,B
39,29,C
40,42,B
67,35,B
72,56,B
40,64,B
59,46,B
58,80,B
78,51,B
21,89,B
37,49,B
21,69,B
18,34,C
73,10,B
21,100,B
86,72,A
91,18,B
37,94,B
28,56,B
99,34,B
89,54,A
99,98,A
86,27,B
43,89,B
38,87,B
60,11,C
60,82,A
53,97,A
100,78,A
59,18,C
16,83,B
81,45,B
39,72,B
73,75,A
92,36,B
63,90,A
64,52,B
75,68,A
72,74,A
26,29,C
22,43,C
77,82,A
65,60,B
50,45,B
63,13,C
59,17,C
30,12,C
33,18,C
70,83,A
41,65,B
52,35,B
43,52,B
15,39,C
91,99,A
43,11,C
29,54,B
77,90,A
32,84,B
45,40,B
70,96,A
57,54,B
74,17,B
62,48,B
73,95,A
61,25,B
16,32,C
42,63,B
91,70,A
72,57,B
84,37,B
11,36,C
23,100,B
93,49,A
52,52,B
39,19,C
42,58,B
22,31,C
55,72,B
76,42,B
18,28,C
74,72,A
65,73,B
10,94,B
12,74,B
86,90,A
88,18,B
36,18,C
90,100,A
68,47,B
88,54,A
80,75,A
70,11,B
41,84,B
60,63,B
37,53,B
29,29,C
49,35,B
27,59,B
76,22,B
23,85,B
78,28,B
90,70,A
79,94,A
48,76,B
63,86,A
63,69,B
75,93,A
50,44,B
65,59,B
76,17,B
47,73,B
34,38,C
81,71,A
81,77,A
45,68,B
25,65,B
39,23,C
80,29,B
68,34,B
64,53,B
88,76,A
70,27,B
87,19,B
76,43,B
94,46,A
95,29,B
63,43,B
64,76,A
85,25,B
89,99,A
10,56,C
48,19,C
32,34,C
59,36,B
21,10,C
57,65,B
35,13,C
14,45,C
18,23,C
16,38,C
77,91,A
43,50,B
94,96,A
12,16,C
79,72,A
82,81,A
71,33,B
35,41,C
76,85,A
69,15,B
92,82,A
62,69,B
81,56,B
31,34,C
65,40,B
19,14,C
47,65,B
92,45,B
59,73,B
90,50,A
95,40,B
71,64,B
24,51,C
95,30,B
31,37,C
27,76,B
89,39,B
54,95,A
46,14,C
44,56,B
20,43,C
22,54,C
14,14,C
47,94,A
48,39,B
98,21,B
28,25,C
96,22,B
93,29,B
64,98,A
81,81,A
83,22,B
65,80,A
49,52,B
94,89,A
87,28,B
59,32,B
85,93,A
98,96,A
44,68,B
100,72,A
16,17,C
40,26,C
76,22,B
96,24,B
29,53,B
32,43,C
38,17,C
41,75,B
36,55,B
75,69,A
54,32,B
53,83,B
18,48,C
88,36,B
38,55,B
38,59,B
31,56,B
80,97,A
72,73,A
17,66,B
18,88,B
63,50,B
77,12,B
42,10,C
39,41,B
89,30,B
74,37,B
61,63,B
18,61,C
25,21,C
92,12,B
74,49,B
49,22,C
88,65,A
90,24,B
53,92,A
39,31,C
53,64,B
45,69,B
52,88,A
81,57,B
64,95,A
53,45,B
79,43,B
69,57,B
37,21,C
82,71,A
31,36,C
36,27,C
23,76,B
94,75,A
84,10,B
18,95,B
10,93,B
96,14,B
81,18,B
36,73,B
14,49,C
66,37,B
97,53,A
13,21,C
70,36,B
11,60,C
85,50,B
82,10,B
34,12,C
91,36,B
30,74,B
64,46,B
36,21,C
39,36,C
34,60,B
33,27,C
59,95,A
66,83,A
84,25,B
53,37,B
42,43,B
48,42,B
95,41,B
95,60,A
73,59,B
68,72,A
99,24,B
33,89,B
78,92,A
63,68,B
15,62,C
26,21,C
97,59,A
60,24,B
52,54,B
65,23,B
62,28,B
96,10,B
22,48,C
53,14,C
70,55,B
45,28,C
57,43,B
29,24,C
63,98,A
99,84,A
54,91,A
36,37,C
100,82,A
60,45,B
79,21,B
70,21,B
28,45,C
79,98,A
53,89,A
57,44,B
86,11,B
40,20,C
37,38,C
48,12,C
30,52,B
35,99,B
45,43,B
24,38,C
42,97,B
36,50,B
47,25,C
78,89,A
41,25,C
29,72,B
56,86,A
89,83,A
76,91,A
79,40,B
13,24,C
43,47,B
65,30,B
73,83,A
69,56,B
26,70,B
51,15,C
97,30,B
40,59,B
32,40,C
36,74,B
19,15,C
99,26,B
82,15,B
35,20,C
32,84,B
83,40,B
19,75,B
70,96,A
55,55,B
38,64,B
66,30,B
74,42,B
21,18,C
46,68,B
33,80,B
53,25,C
92,90,A
44,97,A
60,96,A
80,47,B
37,61,B
29,94,B
96,55,A
25,98,B
55,67,B
25,71,B
83,11,B
50,29,C
25,59,B
39,59,B
58,94,A
89,39,B
15,85,B
80,25,B
60,91,A
87,44,B
72,56,B
62,53,B
95,34,B
21,27,C
74,10,B
67,24,B
59,53,B
67,37,B
42,53,B
19,91,B
30,92,B
28,96,B
72,63,B
17,81,B
76,88,A
45,21,C
63,46,B
75,93,A
50,64,B
92,33,B
26,77,B
19,67,B
54,32,B
10,16,C
11,65,C
13,24,C
29,100,B
79,21,B
45,72,B
55,61,B
99,24,B
74,47,B
37,52,B
30,23,C
66,38,B
89,73,A
75,51,B
19,22,C
13,43,C
58,70,B
10,60,C
31,34,C
41,58,B
98,30,B
87,38,B
99,14,B
30,24,C
38,50,B
29,67,B
92,75,A
46,70,B
49,17,C
28,21,C
89,53,A
83,60,A
94,86,A
92,81,A
48,33,B
33,48,B
37,90,B
58,82,A
16,29,C
46,39,B
61,26,B
91,16,B
71,97,A
34,91,B
62,55,B
56,12,C
18,16,C
79,41,B
75,90,A
10,43,C
18,32,C
36,23,C
46,66,B
51,93,A
88,70,A
40,38,C
20,66,B
81,53,B
91,80,A
78,29,B
77,89,A
63,46,B
36,60,B
35,88,B
65,67,B
71,93,A
38,12,C
84,37,B
96,18,B
81,60,A
36,30,C
92,80,A
17,82,B
52,93,A
93,77,A
88,69,A
12,56,C
52,16,C
64,56,B
19,23,C
67,11,C
79,72,A
32,18,C
31,37,C
66,51,B
89,48,B
63,23,B
17,40,C
17,17,C
16,93,B
65,80,A
43,66,B
93,91,A
54,22,C
49,59,B
63,32,B
59,30,B
94,87,A
40,89,B
37,32,C
56,68,B
65,50,B
98,90,A
15,13,C
39,15,C
24,45,C
58,64,B
42,29,C
59,42,B
100,29,B
99,57,A
16,38,C
65,80,A
26,96,B
29,10,C
33,47,B
64,85,A
29,41,C
64,87,A
74,69,A
20,80,B
23,10,C
17,93,B
27,75,B
64,75,B
19,63,B
28,51,C
11,20,C
83,90,A
55,74,B
48,36,B
21,36,C
82,17,B
32,37,C
42,29,C
66,71,B
70,62,B
59,49,B
50,36,B
31,77,B
69,87,A
79,10,B
51,40,B
100,42,A
46,86,B
43,27,C
42,71,B
83,88,A
26,44,C
71,70,A
85,14,B
38,31,C
24,94,B
73,36,B
21,14,C
44,51,B
10,12,C
78,40,B
67,87,A
37,15,C
52,41,B
97,66,A
24,21,C
89,12,B
28,47,C
79,11,B
66,49,B
22,47,C
53,57,B
53,97,A
90,48,B
10,68,C
60,57,B
22,13,C
43,57,B
100,13,B
90,11,B
100,68,A
69,99,A
18,74,B
56,42,B
92,86,A
82,72,A
21,21,C
20,58,C
33,18,C
20,29,C
36,25,C
22,65,B
92,65,A
42,28,C
31,70,B
12,93,B
40,66,B
13,63,C
21,44,C
47,54,B
14,15,C
13,41,C
74,75,A
10,46,C
48,68,B
62,74,B
71,32,B
99,91,A
76,89,A
56,45,B
26,72,B
45,87,B
72,75,A
35,73,B
66,85,A
67,14,B
13,52,C
72,80,A
56,65,B
68,42,B
84,49,B
81,51,B
58,67,B
89,65,A
66,33,B
74,96,A
19,15,C
83,61,A
13,66,C
25,85,B
77,39,B
21,83,B
96,76,A
74,70,A
43,61,B
61,89,A
33,53,B
40,80,B
23,15,C
32,40,C
19,16,C
25,98,B
15,67,B
21,30,C
14,51,C
60,68,B
19,80,B
29,88,B
93,14,B
99,26,B
48,21,C
78,41,B
25,26,C
98,60,A
62,49,B
49,66,B
51,76,B
56,84,A
31,36,C
88,24,B
72,68,A
95,38,B
29,29,C
33,54,B
95,77,A
13,80,B
58,43,B
45,66,B
73,40,B
51,12,C
45,14,C
68,92,A
67,80,A
78,16,B
94,90,A
36,27,C
89,30,B
83,35,B
66,95,A
24,98,B
91,83,A
93,16,B
92,72,A
19,50,C
99,95,A
62,56,B
20,79,B
67,57,B
10,68,C
52,66,B
19,34,C
57,83,A
98,32,B
87,42,B
62,10,C
78,45,B
77,98,A
34,39,C
11,74,B
28,55,B
91,38,B
88,69,A
26,82,B
12,76,B
52,77,B
24,93,B
36,55,B
56,45,B
26,37,C
41,21,C
85,56,A
84,62,A
29,45,C
34,40,C
38,68,B
26,49,C
25,66,B
44,99,A
88,29,B
47,48,B
89,90,A
69,85,A
56,56,B
42,44,B
87,71,A
82,97,A
78,94,A
57,34,B
80,87,A
53,94,A
45,51,B
40,48,B
66,93,A
86,46,B
22,22,C
78,20,B
38,62,B
45,37,B
29,87,B
28,15,C
38,67,B
20,45,C
57,72,B
50,57,B
24,92,B
60,57,B
80,53,B
39,53,B
50,22,C
57,86,A
59,45,B
54,80,B
54,63,B
79,53,B
92,60,A
13,67,B
54,94,A
23,76,B
33,34,C
34,37,C
29,13,C
96,41,B
72,26,B
47,13,C
21,93,B
66,21,B
97,100,A
82,29,B
35,15,C
72,69,A
66,11,C
99,86,A
31,91,B
51,61,B
51,90,A
52,50,B
11,79,B
66,67,B
94,76,A
65,59,B
82,57,B
45,91,B
23,77,B
42,76,B
50,89,B
40,34,C
84,25,B
75,49,B
17,94,B
97,20,B
58,88,A
48,37,B
61,27,B
56,83,B
39,77,B
85,30,B
95,38,B
43,16,C
31,66,B
13,27,C
73,31,B
62,57,B
95,43,B
78,73,A
53,17,C
36,61,B
82,16,B
47,69,B
36,52,B
73,69,A
89,62,A
62,27,B
92,62,A
15,51,C
27,11,C
62,35,B
28,14,C
94,77,A
42,51,B
36,88,B
22,97,B
83,72,A
59,95,A
37,31,C
97,69,A
12,59,C
86,71,A
37,31,C
85,43,B
11,78,B
48,95,A
47,97,A
70,89,A
89,28,B
86,43,B
12,69,B
35,17,C
53,83,B
15,54,C
88,72,A
32,24,C
52,36,B
99,44,A
84,74,A
92,13,B
71,61,B
89,68,A
22,51,C
74,78,A
81,35,B
25,41,C
18,13,C
69,21,B
53,62,B
97,43,A
69,24,B
53,49,B
62,12,C
32,36,C
71,97,A
23,27,C
80,99,A
51,42,B
65,25,B
78,47,B
64,75,B
100,62,A
30,62,B
14,91,B
51,83,B
53,70,B
97,45,A
46,19,C
68,44,B
16,28,C
72,72,A
72,97,A
49,10,C
90,29,B
64,70,B
11,48,C
91,43,B
70,68,B
34,72,B
26,43,C
24,63,B
44,28,C
13,51,C
75,49,B
10,99,B
19,32,C
43,59,B
45,79,B
66,50,B
50,35,B
42,26,C
67,16,B
21,12,C
50,94,A
78,17,B
26,16,C
87,79,A
64,86,A
39,35,C
100,76,A
57,11,C
87,24,B
56,19,C
58,88,A
40,43,B
30,96,B
90,46,B
60,74,B
72,29,B
62,51,B
84,20,B
74,16,B
92,94,A
25,40,C
81,81,A
58,45,B
52,84,B
27,65,B
79,32,B
86,67,A
93,88,A
45,13,C
45,98,A
76,33,B
85,27,B
60,63,B
43,17,C
31,45,C
54,24,C
91,26,B
96,31,B
98,29,B
74,81,A
47,53,B
33,39,C
91,81,A
25,54,C
99,61,A
79,13,B
79,28,B
53,94,A
33,37,C
88,86,A
73,96,A
27,29,C
11,90,B
71,17,B
20,90,B
22,50,C
57,88,A
83,60,A
60,31,B
92,70,A
11,89,B
86,57,A
51,28,C
63,36,B
81,55,B
56,89,A
63,77,A
26,36,C
95,58,A
73,14,B
65,60,B
61,39,B
50,98,A
11,76,B
53,26,C
59,36,B
53,66,B
19,57,C
93,54,A
73,10,B
81,83,A
45,33,C
83,99,A
44,45,B
96,47,A
34,84,B
99,73,A
77,80,A
65,87,A
86,53,B
17,82,B
41,16,C
12,90,B
49,36,B
84,59,A
26,57,B
73,39,B
20,16,C
50,14,C
77,92,A
74,19,B
16,44,C
85,16,B
66,20,B
14,24,C
28,39,C
95,28,B
31,82,B
99,26,B
80,19,B
26,78,B
90,64,A
41,63,B
24,46,C
53,80,B
48,32,B
40,33,C
55,81,B
20,52,C
75,17,B
34,85,B
59,14,C
86,79,A
14,46,C
87,94,A
11,59,C
79,84,A
63,81,A
30,38,C
28,27,C
91,40,B
50,62,B
20,33,C
78,83,A
81,23,B
54,15,C
11,50,C
67,95,A
14,85,B
100,39,B
64,87,A
77,86,A
89,92,A
20,48,C
84,42,B
49,92,A
33,34,C
36,50,B
51,20,C
99,90,A
33,36,C
26,25,C
93,85,A
90,73,A
45,98,A
58,27,B
42,65,B
23,49,C
29,95,B
39,11,C
57,47,B
53,99,A
89,40,B
70,30,B
50,31,B
39,15,C
42,93,B
58,21,C
91,58,A
17,76,B
10,92,B
66,99,A
89,18,B
46,13,C
92,58,A
78,63,A
32,63,B
83,81,A
60,54,B
33,52,B
66,34,B
21,89,B
51,44,B
56,34,B
40,42,B
30,67,B
36,34,C
53,77,B
17,83,B
97,48,A
69,86,A
69,29,B
76,71,A
43,21,C
82,68,A
63,98,A
14,55,C
92,16,B
88,82,A
74,23,B
71,35,B
96,61,A
35,76,B
36,17,C
35,99,B
33,93,B
97,19,B
89,39,B
45,43,B
60,94,A
11,29,C
81,37,B
96,29,B
95,42,B
14,17,C
41,56,B
81,63,A
83,57,A
72,40,B
65,83,A
26,89,B
86,11,B
79,90,A
69,66,B
96,95,A
26,41,C
32,18,C
73,89,A
19,82,B
86,74,A
33,84,B
21,20,C
78,82,A
43,57,B
57,29,B
54,73,B
44,45,B
80,93,A
60,81,A
11,90,B
92,47,B
13,50,C
75,31,B
74,45,B
85,29,B
18,63,B
93,54,A
77,50,B
28,88,B
56,38,B
11,24,C
14,64,C
30,78,B
16,60,C
73,14,B
61,62,B
39,69,B
70,56,B
42,90,B
100,81,A
92,89,A
17,42,C
53,84,B
50,11,C
93,50,A
11,34,C
92,77,A
94,98,A
90,66,A
22,97,B
14,87,B
89,65,A
18,28,C
92,45,B
94,91,A
13,12,C
54,32,B
56,90,A
95,28,B
100,29,B
86,25,B
27,63,B
19,73,B
68,88,A
94,34,B
38,96,B
38,86,B
65,56,B
78,64,A
61,91,A
29,56,B
36,80,B
13,62,C
32,68,B
14,42,C
26,85,B
20,32,C
80,96,A
54,85,B
93,11,B
35,47,B
11,65,C
82,21,B
69,95,A
26,56,B
37,73,B
23,51,C
64,49,B
84,86,A
31,55,B
50,30,B
90,51,A
41,52,B
89,33,B
71,23,B
61,24,B
50,20,C
45,34,C
19,48,C
71,31,B
67,93,A
25,30,C
31,75,B
14,96,B
78,63,A
28,16,C
99,22,B
72,67,B
92,38,B
69,19,B
39,19,C
20,95,B
48,90,B
70,39,B
12,28,C
73,49,B
40,32,C
57,91,A
88,95,A
65,29,B
33,86,B
79,28,B
20,18,C
93,99,A
69,45,B
93,74,A
90,39,B
12,74,B
59,99,A
74,70,A
86,66,A
65,66,B
62,41,B
21,97,B
77,74,A
33,65,B
16,67,B
68,25,B
63,13,C
73,88,A
89,91,A
19,63,B
91,46,B
99,24,B
92,68,A
81,26,B
27,83,B
51,86,B
36,47,B
38,56,B
37,54,B
31,22,C
68,46,B
15,41,C
58,62,B
100,75,A
52,20,C
77,64,A
97,23,B
67,40,B
71,66,B
37,100,B
37,89,B
42,95,B
38,93,B
43,71,B
42,74,B
12,50,C
88,39,B
50,80,B
85,21,B
26,49,C
84,98,A
22,13,C
17,86,B
26,54,B
48,79,B
98,62,A
67,64,B
68,71,B
25,54,C
30,99,B
92,51,A
19,23,C
69,84,A
53,16,C
98,21,B
87,97,A
63,53,B
46,29,C
83,13,B
74,25,B
92,40,B
83,21,B
35,89,B
25,38,C
58,53,B
89,65,A
90,61,A
69,79,A
98,12,B
76,50,B
99,11,B
95,39,B
42,11,C
84,32,B
32,61,B
94,56,A
45,19,C
55,69,B
85,37,B
22,55,C
56,48,B
88,30,B
34,14,C
89,74,A
78,91,A
88,45,B
90,51,A
79,26,B
11,44,C
40,56,B
46,39,B
98,38,B
24,21,C
79,63,A
96,95,A
68,37,B
84,79,A
65,68,B
97,23,B
75,85,A
66,44,B
27,24,C
44,58,B
41,48,B
93,87,A
43,63,B
53,70,B
22,85,B
18,75,B
32,57,B
93,65,A
93,42,B
76,64,A
99,76,A
17,79,B
39,41,B
56,53,B
88,12,B
85,31,B
74,73,A
83,55,B
30,19,C
91,58,A
66,23,B
25,48,C
26,44,C
93,52,A
97,90,A
14,16,C
29,53,B
68,17,B
64,33,B
61,30,B
23,46,C
95,15,B
25,66,B
61,42,B
14,29,C
53,40,B
68,31,B
75,39,B
50,15,C
36,74,B
99,62,A
24,65,B
71,15,B
58,98,A
18,64,B
83,74,A
57,92,A
53,82,B
85,24,B
34,100,B
92,10,B
63,23,B
36,41,C
62,15,C
22,23,C
53,69,B
15,65,B
17,55,C
28,100,B
76,78,A
62,75,B
80,93,A
92,89,A
93,43,B
19,76,B
90,59,A
47,21,C
52,97,A
31,56,B
41,88,B
89,66,A
39,78,B
27,82,B
35,16,C
87,71,A
70,45,B
28,13,C
73,19,B
49,87,B
62,48,B
74,55,B
37,29,C
80,74,A
47,13,C
15,26,C
58,33,B
51,23,C
96,32,B
85,77,A
11,79,B
71,49,B
44,54,B
72,49,B
17,49,C
42,15,C
23,67,B
85,86,A
84,61,A
41,75,B
21,61,B
81,29,B
52,35,B
32,76,B
12,51,C
16,96,B
30,29,C
54,90,A
17,33,C
81,38,B
69,100,A
48,85,B
40,98,B
14,38,C
45,23,C
34,74,B
42,53,B
19,55,C
18,45,C
42,74,B
66,23,B
49,93,A
98,37,B
24,91,B
28,52,B
55,78,B
14,94,B
66,78,A
84,53,B
62,18,B
39,75,B
98,66,A
67,45,B
68,79,A
35,66,B
64,47,B
58,31,B
36,36,C
33,40,C
93,46,B
100,56,A
30,11,C
98,53,A
71,15,B
16,51,C
61,92,A
47,48,B
56,66,B
40,64,B
16,59,C
71,84,A
11,75,B
83,55,B
30,92,B
42,90,B
90,94,A
40,78,B
42,16,C
49,43,B
44,58,B
56,90,A
46,70,B
71,33,B
16,75,B
58,46,B
45,18,C
28,49,C
85,47,B
26,99,B
14,51,C
52,73,B
83,51,B
70,15,B
57,52,B
95,33,B
92,21,B
10,12,C
41,77,B
90,94,A
28,31,C
85,92,A
16,60,C
18,76,B
84,15,B
33,15,C
88,61,A
70,42,B
17,57,C
50,94,A
65,35,B
60,25,B
100,78,A
79,72,A
30,15,C
58,47,B
10,83,B
56,89,A
84,37,B
97,27,B
21,30,C
43,11,C
26,14,C
52,17,C
60,24,B
40,86,B
38,77,B
88,38,B
53,89,A
52,13,C
79,91,A
38,15,C
60,35,B
39,69,B
47,49,B
46,78,B
89,34,B
95,43,B
78,50,B
41,59,B
19,21,C
41,77,B
16,68,B
92,38,B
95,68,A
71,31,B
34,90,B
21,50,C
96,22,B
94,85,A
13,90,B
48,23,C
14,70,B
57,35,B
36,28,C
97,38,B
33,28,C
63,44,B
35,10,C
55,99,A
54,95,A
97,94,A
24,89,B
79,29,B
23,86,B
38,21,C
89,33,B
75,19,B
46,28,C
61,40,B
90,60,A
60,95,A
58,78,B
29,81,B
75,51,B
40,78,B
94,79,A
93,49,A
55,35,B
56,76,B
67,26,B
61,33,B
98,15,B
16,38,C
82,44,B
62,21,B
24,37,C
48,17,C
23,70,B
73,60,B
11,49,C
28,88,B
86,31,B
11,95,B
13,38,C
63,57,B
19,70,B
64,31,B
30,48,C
79,13,B
42,68,B
89,59,A
10,79,B
75,47,B
74,80,A
92,97,A
70,56,B
40,94,B
36,19,C
51,57,B
17,49,C
89,96,A
94,53,A
62,88,A
22,70,B
99,31,B
78,75,A
10,15,C
94,59,A
52,76,B
66,30,B
86,72,A
51,43,B
68,31,B
36,74,B
41,98,B
85,45,B
86,74,A
54,24,C
83,87,A
45,67,B
63,29,B
44,20,C
80,76,A
39,56,B
99,24,B
49,83,B
38,95,B
26,63,B
58,32,B
99,75,A
34,97,B
89,36,B
75,51,B
10,36,C
82,21,B
92,94,A
13,18,C
16,25,C
48,51,B
98,39,B
26,94,B
81,54,B
69,89,A
48,45,B
87,25,B
51,25,C
40,11,C
20,26,C
40,12,C
64,100,A
98,41,B
71,14,B
97,26,B
25,59,B
55,91,A
62,69,B
25,68,B
93,69,A
77,30,B
40,49,B
92,97,A
54,57,B
86,99,A
30,39,C
99,10,B
18,73,B
40,23,C
57,82,B
21,22,C
23,36,C
46,90,B
59,23,B
73,51,B
83,93,A
51,53,B
32,63,B
36,97,B
45,64,B
12,64,C
80,77,A
72,98,A
10,77,B
77,44,B
46,86,B
60,61,B
23,72,B
37,58,B
84,65,A
26,42,C
17,17,C
88,50,B
90,100,A
91,69,A
76,77,A
51,48,B
99,65,A
45,38,B
46,93,B
52,90,A
69,78,A
74,82,A
12,10,C
90,44,B
73,13,B
91,81,A
75,14,B
58,69,B
57,45,B
43,16,C
64,63,B
47,46,B
19,37,C
10,65,C
79,15,B
39,85,B
16,84,B
96,14,B
37,75,B
23,53,C
87,54,A
75,47,B
21,66,B
92,72,A
85,11,B
96,78,A
57,67,B
15,76,B
86,85,A
71,12,B
94,78,A
73,25,B
47,91,B
47,96,A
88,67,A
90,57,A
78,62,A
83,14,B
97,84,A
59,81,A
84,52,B
92,39,B
82,47,B
26,23,C
95,22,B
26,10,C
83,38,B
38,15,C
52,37,B
79,89,A
76,94,A
19,26,C
23,100,B
53,50,B
95,95,A
74,85,A
74,13,B
12,15,C
16,88,B
64,52,B
12,66,C
30,79,B
100,65,A
57,61,B
75,96,A
11,88,B
79,31,B
28,30,C
57,72,B
80,62,A
64,92,A
70,91,A
79,69,A
11,36,C
89,45,B
71,13,B
71,42,B
29,73,B
66,37,B
52,53,B
15,41,C
67,51,B
51,77,B
75,90,A
86,37,B
35,16,C
29,67,B
26,98,B
21,45,C
37,92,B
29,91,B
39,24,C
100,45,A
98,84,A
70,38,B
54,55,B
39,19,C
32,58,B
68,22,B
60,13,C
66,26,B
39,73,B
40,85,B
62,24,B
68,90,A
19,65,B
41,11,C
18,42,C
22,79,B
85,18,B
98,100,A
77,41,B
66,68,B
63,60,B
66,63,B
84,11,B
79,94,A
29,30,C
98,32,B
64,48,B
86,91,A
19,85,B
99,30,B
98,40,B
12,47,C
71,65,B
87,41,B
17,86,B
57,90,A
97,39,B
88,17,B
14,97,B
77,96,A
16,34,C
88,60,A
15,96,B
50,60,B
21,92,B
29,25,C
45,54,B
36,45,B
42,55,B
59,67,B
100,61,A
34,72,B
63,80,A
45,70,B
17,80,B
38,21,C
96,75,A
72,59,B
92,69,A
10,34,C
72,46,B
98,25,B
73,22,B
98,13,B
84,20,B
93,27,B
79,65,A
62,60,B
51,79,B
32,63,B
22,33,C
78,81,A
37,94,B
82,23,B
79,63,A
90,75,A
74,46,B
20,51,C
22,87,B
25,66,B
51,80,B
13,30,C
37,91,B
18,61,C
46,29,C
97,67,A
56,79,B
97,43,A
58,27,B
86,50,B
47,50,B
78,96,A
71,95,A
33,40,C
13,84,B
22,75,B
12,64,C
29,24,C
34,76,B
23,27,C
16,34,C
100,11,B
17,99,B
30,36,C
61,26,B
41,29,C
61,86,A
86,64,A
90,75,A
51,57,B
60,65,B
75,92,A
50,69,B
99,70,A
33,10,C
74,32,B
64,30,B
70,54,B
46,66,B
59,19,C
74,63,B
11,50,C
97,92,A
58,42,B
45,60,B
53,55,B
60,96,A
96,24,B
64,66,B
35,59,B
50,41,B
57,89,A
54,96,A
50,44,B
55,22,C
90,33,B
14,75,B
15,17,C
76,23,B
48,88,B
79,52,B
12,20,C
80,81,A
27,18,C
59,77,B
52,97,A
36,90,B
96,94,A
68,29,B
57,29,B
31,21,C
27,65,B
91,56,A
17,35,C
45,60,B
94,65,A
80,89,A
67,24,B
79,67,A
63,15,C
98,36,B
64,68,B
16,36,C
39,38,C
69,43,B
46,12,C
90,34,B
81,38,B
47,48,B
44,62,B
49,26,C
90,90,A
66,26,B
20,98,B
25,77,B
89,35,B
81,58,B
83,79,A
19,89,B
20,47,C
65,44,B
49,67,B
36,50,B
71,88,A
97,89,A
76,78,A
88,14,B
37,37,C
62,77,B
41,74,B
30,12,C
72,50,B
48,62,B
77,76,A
86,35,B
73,21,B
35,72,B
82,63,A
61,43,B
75,71,A
28,78,B
93,56,A
85,35,B
